name,mlb_id,recent_games,recent_fpts,recent_fpg,group
Jesús Luzardo,666200,6,130.0,21.67,pitching
Pete Crow-Armstrong,691718,27,128.0,4.74,hitting
Alex Bregman,608324,27,127.5,4.72,hitting
Cade Cavalli,676917,5,124.0,24.8,pitching
Rafael Devers,646240,28,122.5,4.38,hitting
Michael King,650633,6,116.0,19.33,pitching
Eduardo Rodriguez,593958,6,114.0,19.0,pitching
Cal Quantrill,615698,6,113.0,18.83,pitching
Logan Henderson,701656,5,113.0,22.6,pitching
Pete Alonso,624413,28,112.0,4.0,hitting
Blake Snell,605483,5,112.0,22.4,pitching
Cam Schlittler,693645,5,112.0,22.4,pitching
Reid Detmers,672282,5,111.0,22.2,pitching
Fernando Tatis Jr.,665487,26,108.5,4.17,hitting
Miguel Vargas,678246,27,106.0,3.93,hitting
Aaron Nola,605400,6,104.0,17.33,pitching
Chris Sale,519242,5,104.0,20.8,pitching
Jake McCarthy,664983,27,101.5,3.76,hitting
Kyle Schwarber,656941,26,101.5,3.9,hitting
Dylan Cease,656302,5,100.0,20.0,pitching
Jordan Walker,691023,28,99.5,3.55,hitting
Bobby Witt Jr.,677951,27,99.5,3.69,hitting
Tristan Peters,671976,28,99.0,3.54,hitting
Jac Caglianone,695506,23,98.5,4.28,hitting
Yandy Díaz,650490,28,96.5,3.45,hitting
Seiya Suzuki,673548,26,96.5,3.71,hitting
Nolan McLean,690997,5,96.0,19.2,pitching
Braxton Ashcraft,677952,5,96.0,19.2,pitching
Daylen Lile,695734,27,95.5,3.54,hitting
Mason Montgomery,682254,14,95.0,6.79,pitching
Sal Stewart,701398,28,94.5,3.38,hitting
Josh Hader,623352,13,94.0,7.23,pitching
Michael Wacha,608379,5,94.0,18.8,pitching
Jeff McNeil,643446,26,93.0,3.58,hitting
Mookie Betts,605141,27,93.0,3.44,hitting
Tyler Mahle,641816,5,92.0,18.4,pitching
Parker Messick,800048,5,92.0,18.4,pitching
Iván Herrera,671056,28,91.0,3.25,hitting
Yoshinobu Yamamoto,808967,5,90.0,18.0,pitching
Lawrence Butler,671732,28,89.0,3.18,hitting
Louis Varland,686973,11,89.0,8.09,pitching
Jackson Chourio,694192,27,88.0,3.26,hitting
Cal Raleigh,663728,26,88.0,3.38,hitting
Bryan Woo,693433,5,88.0,17.6,pitching
Gerrit Cole,543037,6,88.0,14.67,pitching
Randy Arozarena,668227,27,87.5,3.24,hitting
Heriberto Hernández,681715,26,87.5,3.37,hitting
Mickey Gasper,681508,18,86.5,4.81,hitting
Gabriel Moreno,672515,25,86.0,3.44,hitting
Alec Burleson,676475,28,86.0,3.07,hitting
Luke Keaschall,807712,26,85.0,3.27,hitting
Spencer Jones,682987,27,85.0,3.15,hitting
Cristopher Sánchez,650911,5,85.0,17.0,pitching
Henry Bolte,703607,28,84.5,3.02,hitting
Bo Bichette,666182,25,84.5,3.38,hitting
Isaac Paredes,670623,27,84.0,3.11,hitting
Javier Sanoja,691594,27,83.5,3.09,hitting
William Contreras,661388,25,83.5,3.34,hitting
Jacob Lopez,682052,5,83.0,16.6,pitching
Junior Caminero,691406,28,82.5,2.95,hitting
Zack Gelof,680869,26,82.5,3.17,hitting
Eugenio Suárez,553993,26,82.0,3.15,hitting
Zach Neto,687263,25,81.5,3.26,hitting
Ronald Acuña Jr.,660670,26,81.5,3.13,hitting
Alec Bohm,664761,24,81.0,3.38,hitting
Sonny Gray,543243,5,81.0,16.2,pitching
Jake Bauers,641343,26,80.5,3.1,hitting
Corbin Carroll,682998,27,80.5,2.98,hitting
Bryce Harper,547180,26,80.0,3.08,hitting
Jacob deGrom,594798,6,80.0,13.33,pitching
Nick Sogard,686765,29,79.5,2.74,hitting
Paul Blackburn,621112,14,79.0,5.64,pitching
Brooks Lee,686797,26,78.5,3.02,hitting
Ben Rice,700250,26,78.5,3.02,hitting
Elly De La Cruz,682829,28,78.0,2.79,hitting
Gunnar Henderson,683002,28,78.0,2.79,hitting
Payton Tolle,801139,5,78.0,15.6,pitching
Brandon Pfaadt,694297,6,78.0,13.0,pitching
Ezequiel Duran,677649,28,77.5,2.77,hitting
Corey Seager,608369,27,77.5,2.87,hitting
Carter Jensen,695600,24,77.5,3.23,hitting
Jacob Misiorowski,694819,5,77.0,15.4,pitching
Chandler Simpson,802415,27,76.0,2.81,hitting
Andrew Painter,691725,5,76.0,15.2,pitching
Steven Kwan,680757,27,75.5,2.8,hitting
Wilyer Abreu,677800,27,75.5,2.8,hitting
Grant Taylor,691799,13,75.0,5.77,pitching
Griffin Conine,665052,26,74.5,2.87,hitting
TJ Rumfield,681198,26,74.0,2.85,hitting
Jazz Chisholm Jr.,665862,25,74.0,2.96,hitting
Bryce Eldridge,805811,25,74.0,2.96,hitting
Zebby Matthews,805673,5,74.0,14.8,pitching
Drew Rasmussen,656876,5,74.0,14.8,pitching
Ty France,664034,26,73.0,2.81,hitting
Yordan Alvarez,670541,27,73.0,2.7,hitting
Ryan Jeffers,680777,24,73.0,3.04,hitting
Aaron Ashby,676879,14,73.0,5.21,pitching
Walker Buehler,621111,5,73.0,14.6,pitching
Tommy Edman,669242,26,72.5,2.79,hitting
Otto Lopez,672640,27,72.0,2.67,hitting
Francisco Lindor,596019,26,72.0,2.77,hitting
Cade Smith,671922,11,72.0,6.55,pitching
Noah Cameron,702070,5,72.0,14.4,pitching
Sandy Alcantara,645261,6,72.0,12.0,pitching
Tarik Skubal,669373,5,72.0,14.4,pitching
Jake Burger,669394,26,71.5,2.75,hitting
Jakob Marsee,805300,26,71.5,2.75,hitting
Josh Bell,605137,25,71.0,2.84,hitting
Jackson Merrill,701538,26,71.0,2.73,hitting
Walbert Ureña,700712,6,71.0,11.83,pitching
Kody Clemens,665019,24,70.5,2.94,hitting
Alejandro Kirk,672386,22,70.0,3.18,hitting
Ian Happ,664023,25,70.0,2.8,hitting
Vinnie Pasquantino,686469,18,70.0,3.89,hitting
Freddy Peralta,642547,5,70.0,14.0,pitching
Joshua Báez,695491,22,69.5,3.16,hitting
Sam Antonacci,803011,28,69.5,2.48,hitting
Trent Grisham,663757,25,69.0,2.76,hitting
Emilio Pagán,641941,12,69.0,5.75,pitching
Sean Newcomb,656794,11,69.0,6.27,pitching
Ryan Johnson,696270,5,69.0,13.8,pitching
Michael Harris II,671739,27,68.5,2.54,hitting
Jo Adell,666176,26,68.0,2.62,hitting
Shohei Ohtani,660271,23,68.0,2.96,hitting
Wyatt Langford,694671,28,68.0,2.43,hitting
Trevor Megill,656730,10,68.0,6.8,pitching
Hagen Smith,696146,10,68.0,6.8,pitching
Hayden Wesneski,669713,5,68.0,13.6,pitching
George Springer,543807,25,67.0,2.68,hitting
Nathan Lukes,664770,26,67.0,2.58,hitting
Coby Mayo,691723,25,66.5,2.66,hitting
Hunter Gaddis,683769,13,66.0,5.08,pitching
Brett Bateman,703520,24,65.5,2.73,hitting
DL Hall,669084,12,65.0,5.42,pitching
Raisel Iglesias,628452,11,65.0,5.91,pitching
Gavin Williams,668909,6,65.0,10.83,pitching
Dominic Canzone,686527,26,64.5,2.48,hitting
Drake Baldwin,686948,27,64.0,2.37,hitting
Christian Encarnacion-Strand,687952,27,64.0,2.37,hitting
Bryan Reynolds,668804,26,64.0,2.46,hitting
Bradgley Rodriguez,699134,12,64.0,5.33,pitching
Tyler Wells,669330,11,64.0,5.82,pitching
José Fermín,665877,26,63.5,2.44,hitting
Matt McLain,680574,28,63.0,2.25,hitting
Jacob Latz,656641,9,63.0,7.0,pitching
Hogan Harris,663687,12,63.0,5.25,pitching
Salvador Perez,521692,25,62.5,2.5,hitting
Josh Naylor,647304,25,62.0,2.48,hitting
Brady House,691781,23,62.0,2.7,hitting
Kazuma Okamoto,672960,24,62.0,2.58,hitting
Max Muncy,571970,25,62.0,2.48,hitting
Mason Miller,695243,11,62.0,5.64,pitching
Hunter Brown,686613,5,62.0,12.4,pitching
Andrew Alvarez,674841,6,62.0,10.33,pitching
Ian Seymour,693855,6,62.0,10.33,pitching
Freddie Freeman,518692,25,61.5,2.46,hitting
Braden Montgomery,695731,27,61.5,2.28,hitting
Chase DeLauter,800050,21,61.0,2.9,hitting
Dane Myers,667472,25,61.0,2.44,hitting
Tyler Stephenson,663886,25,61.0,2.44,hitting
Caleb Durbin,702332,28,61.0,2.18,hitting
Kevin McGonigle,805808,26,61.0,2.35,hitting
Aroldis Chapman,547973,10,61.0,6.1,pitching
Nico Hoerner,663538,26,60.5,2.33,hitting
Mike Trout,545361,27,60.5,2.24,hitting
Luis Robert Jr.,673357,23,60.0,2.61,hitting
Bryson Stott,681082,25,60.0,2.4,hitting
AJ Blubaugh,805123,12,60.0,5.0,pitching
Jake Bennett,687562,5,60.0,12.0,pitching
Andrés Chaparro,665953,23,59.5,2.59,hitting
Oneil Cruz,665833,17,59.5,3.5,hitting
Colson Montgomery,695657,26,59.5,2.29,hitting
Kaelen Culpepper,701785,24,59.0,2.46,hitting
Christian Yelich,592885,24,59.0,2.46,hitting
Jonathan Aranda,666018,27,59.0,2.19,hitting
Drew Gilbert,687551,25,59.0,2.36,hitting
Michael Busch,683737,26,59.0,2.27,hitting
Nate Lavender,681320,11,59.0,5.36,pitching
Nate Pearson,663878,12,59.0,4.92,pitching
Jhoan Duran,661395,12,59.0,4.92,pitching
David Bednar,670280,10,59.0,5.9,pitching
Clay Holmes,605280,6,59.0,9.83,pitching
Jared Young,676724,25,58.5,2.34,hitting
Connor Norby,681393,24,58.5,2.44,hitting
José Ramírez,608070,24,58.5,2.44,hitting
Richie Palacios,680700,24,58.5,2.44,hitting
Cole Carrigg,694249,26,58.5,2.25,hitting
Carson Benge,701807,25,58.0,2.32,hitting
Geraldo Perdomo,672695,26,57.5,2.21,hitting
Max Clark,703601,26,57.5,2.21,hitting
Joey Ortiz,687401,23,57.0,2.48,hitting
Luis García Jr.,671277,25,57.0,2.28,hitting
Héctor Rodríguez,699302,22,57.0,2.59,hitting
Brandon Lowe,664040,25,57.0,2.28,hitting
Tim Tawa,694374,27,57.0,2.11,hitting
Erik Sabrowski,681870,12,57.0,4.75,pitching
Didier Fuentes,800311,11,57.0,5.18,pitching
Foster Griffin,656492,5,57.0,11.4,pitching
Randy Vásquez,681190,5,57.0,11.4,pitching
Manny Machado,592518,25,56.5,2.26,hitting
Nolan Arenado,571448,24,56.5,2.35,hitting
David Hamilton,666152,23,56.0,2.43,hitting
Jackson Holliday,702616,27,56.0,2.07,hitting
Aaron Civale,650644,7,56.0,8.0,pitching
Edgardo Henriquez,683618,13,56.0,4.31,pitching
Bryan Abreu,650556,13,56.0,4.31,pitching
Erik Miller,669062,11,56.0,5.09,pitching
Trevor Rogers,669432,6,56.0,9.33,pitching
Kevin Gausman,592332,5,56.0,11.2,pitching
Brice Turang,668930,23,55.5,2.41,hitting
Munetaka Murakami,808959,28,55.5,1.98,hitting
Nathan Church,701675,27,55.0,2.04,hitting
Brandon Nimmo,607043,28,55.0,1.96,hitting
Brock Burke,656271,13,55.0,4.23,pitching
Jose Altuve,514888,25,54.5,2.18,hitting
Andrew Kittredge,552640,11,54.0,4.91,pitching
Kodai Senga,673540,11,54.0,4.91,pitching
Luis Medina,665622,11,54.0,4.91,pitching
Janson Junk,676083,6,54.0,9.0,pitching
Nick Martinez,607259,5,54.0,10.8,pitching
Tyrone Taylor,621438,18,53.5,2.97,hitting
Gleyber Torres,650402,25,53.5,2.14,hitting
Dylan Beavers,687637,26,53.5,2.06,hitting
Nick Loftin,679845,25,53.5,2.14,hitting
Jacob Young,696285,23,53.0,2.3,hitting
Michael Conforto,624424,22,53.0,2.41,hitting
Rafael Flores Jr.,804668,21,53.0,2.52,hitting
Kyle Tucker,663656,26,53.0,2.04,hitting
A.J. Minter,621345,11,53.0,4.82,pitching
Jordan Romano,605447,12,53.0,4.42,pitching
Luis Gastelum,703725,15,53.0,3.53,pitching
Jonathan Bowlan,680742,12,53.0,4.42,pitching
Jonah Cox,813841,20,52.5,2.62,hitting
Hao-Yu Lee,701678,25,52.5,2.1,hitting
Brayan Rocchio,677587,23,52.5,2.28,hitting
Donovan Walton,622268,24,52.0,2.17,hitting
Taylor Walls,670764,24,52.0,2.17,hitting
Xander Bogaerts,593428,25,52.0,2.08,hitting
Kevin Kelly,687330,14,52.0,3.71,pitching
Tanner Scott,656945,13,52.0,4.0,pitching
Brent Headrick,687396,13,52.0,4.0,pitching
George Klassen,691946,3,52.0,17.33,pitching
Taj Bradley,671737,6,52.0,8.67,pitching
Luis Arraez,650333,26,51.5,1.98,hitting
Nick Gonzales,693304,22,51.5,2.34,hitting
Chase Meidroth,805367,25,51.5,2.06,hitting
Royce Lewis,668904,26,51.5,1.98,hitting
Vaughn Grissom,687093,25,51.5,2.06,hitting
Cedric Mullins,656775,25,51.5,2.06,hitting
Scott Blewett,656240,12,51.0,4.25,pitching
Adrian Morejon,670970,13,51.0,3.92,pitching
Shane Bieber,669456,3,51.0,17.0,pitching
Bryan Hudson,663542,13,51.0,3.92,pitching
Liam Hicks,689414,23,50.5,2.2,hitting
Justin Foscue,679822,24,50.5,2.1,hitting
Vladimir Guerrero Jr.,665489,21,50.5,2.4,hitting
Willi Castro,650489,22,50.5,2.3,hitting
Pedro Ramírez,699393,22,50.0,2.27,hitting
Elvis Alvarado,665660,13,50.0,3.85,pitching
Bubba Chandler,696149,5,50.0,10.0,pitching
Thomas Saggese,695336,8,49.5,6.19,hitting
Michael Massey,686681,18,49.5,2.75,hitting
Wade Meckler,685133,21,49.5,2.36,hitting
Christian Koss,683766,28,49.5,1.77,hitting
JJ Bleday,668709,28,49.5,1.77,hitting
CJ Abrams,682928,22,49.5,2.25,hitting
Randal Grichuk,545341,23,49.0,2.13,hitting
Lars Nootbaar,663457,21,49.0,2.33,hitting
Dylan Crews,686611,26,49.0,1.88,hitting
Calvin Faucher,676534,12,49.0,4.08,pitching
Jonathan Loáisiga,642528,11,49.0,4.45,pitching
Daniel Duarte,650960,10,49.0,4.9,pitching
Anthony Molina,683627,3,49.0,16.33,pitching
Julio Rodríguez,677594,27,48.5,1.8,hitting
Luis Lara,800325,26,48.0,1.85,hitting
Carson Kelly,608348,18,48.0,2.67,hitting
Daulton Varsho,662139,26,48.0,1.85,hitting
Bryan Baker,641329,11,48.0,4.36,pitching
Brandyn Garcia,805299,12,48.0,4.0,pitching
Kenley Jansen,445276,10,48.0,4.8,pitching
Andrés Muñoz,662253,11,48.0,4.36,pitching
Brandon Young,687064,5,48.0,9.6,pitching
Ozzie Albies,645277,27,47.5,1.76,hitting
Willson Contreras,575929,20,47.5,2.38,hitting
Myles Straw,664702,27,47.0,1.74,hitting
Tyler Holton,663947,14,47.0,3.36,pitching
Kyle Leahy,681517,5,47.0,9.4,pitching
Grant Holmes,656550,6,47.0,7.83,pitching
Max Scherzer,453286,6,47.0,7.83,pitching
Turner Hill,806367,18,46.5,2.58,hitting
Teoscar Hernández,606192,26,46.5,1.79,hitting
Travis Bazzana,683953,23,46.5,2.02,hitting
Angel Genao,694197,25,46.5,1.86,hitting
JJ Wetherholt,802139,20,46.5,2.33,hitting
Jung Hoo Lee,808982,25,46.5,1.86,hitting
Jeremy Peña,665161,25,46.5,1.86,hitting
Abimelec Ortiz,694673,26,46.0,1.77,hitting
Drew Sommers,805427,11,46.0,4.18,pitching
Grayson Rodriguez,680570,5,46.0,9.2,pitching
Randy Dobnak,677976,6,46.0,7.67,pitching
Andrew Vaughn,683734,25,45.5,1.82,hitting
Angel Martínez,682657,22,45.5,2.07,hitting
Brett Sullivan,664954,17,45.5,2.68,hitting
Jorbit Vivas,678391,22,45.0,2.05,hitting
Hunter Goodman,696100,17,45.0,2.65,hitting
Andrew Benintendi,643217,25,45.0,1.8,hitting
Matt Olson,621566,27,45.0,1.67,hitting
Yuki Matsui,673513,11,45.0,4.09,pitching
Mason Fluharty,689254,14,45.0,3.21,pitching
Adrian Houser,605288,3,45.0,15.0,pitching
Chase Burns,695505,5,45.0,9.0,pitching
Alika Williams,675961,20,44.0,2.2,hitting
Kyle Stowers,669065,14,44.0,3.14,hitting
Jake Mangum,663968,24,44.0,1.83,hitting
Jake Cronenworth,630105,26,44.0,1.69,hitting
Juan Morillo,666661,10,44.0,4.4,pitching
Gregory Soto,642397,12,44.0,3.67,pitching
Tim Herrin,682120,13,44.0,3.38,pitching
Steven Okert,595345,11,44.0,4.0,pitching
Jack Dreyer,676263,13,44.0,3.38,pitching
Tyler Phillips,663969,5,44.0,8.8,pitching
Keibert Ruiz,660688,16,43.5,2.72,hitting
Mauricio Dubón,643289,24,43.5,1.81,hitting
Colton Cowser,681297,25,43.5,1.74,hitting
A.J. Ewing,805999,25,43.5,1.74,hitting
Edmundo Sosa,624641,13,43.0,3.31,hitting
Ketel Marte,606466,12,43.0,3.58,hitting
Trea Turner,607208,24,43.0,1.79,hitting
Cole Young,702284,26,43.0,1.65,hitting
Tyler Rogers,643511,12,43.0,3.58,pitching
Luis Mey,682825,12,43.0,3.58,pitching
Gordon Graceffo,700669,9,43.0,4.78,pitching
Erick Fedde,607200,5,43.0,8.6,pitching
Eury Pérez,691587,6,43.0,7.17,pitching
Andrés Giménez,665926,22,42.5,1.93,hitting
Xavier Edwards,669364,20,42.5,2.12,hitting
Austin Riley,663586,26,42.5,1.63,hitting
Nathaniel Lowe,663993,24,42.5,1.77,hitting
Leody Taveras,665750,27,42.5,1.57,hitting
John Rave,670231,19,42.0,2.21,hitting
Jarren Duran,680776,27,42.0,1.56,hitting
Evan Phillips,623465,13,42.0,3.23,pitching
Alec Gamboa,687941,8,42.0,5.25,pitching
Carlos Rodón,607074,4,42.0,10.5,pitching
Will Dion,702021,7,42.0,6.0,pitching
Sean Burke,680732,5,42.0,8.4,pitching
Garrett Mitchell,669003,23,41.0,1.78,hitting
Ceddanne Rafaela,678882,24,41.0,1.71,hitting
Jared Triolo,669707,24,41.0,1.71,hitting
John Schreiber,670167,12,41.0,3.42,pitching
Cam Sanders,676742,12,41.0,3.42,pitching
Logan Gilbert,669302,5,41.0,8.2,pitching
Austin Wells,669224,27,40.5,1.5,hitting
Ernie Clement,676391,26,40.5,1.56,hitting
Kyle Isbel,664728,24,40.5,1.69,hitting
Yainer Diaz,673237,22,40.0,1.82,hitting
Cooper Pratt,806198,15,40.0,2.67,hitting
Luis Campusano,669134,18,40.0,2.22,hitting
Josh Lowe,666139,25,40.0,1.6,hitting
J.T. Realmuto,592663,20,40.0,2.0,hitting
Josh Walker,677020,12,40.0,3.33,pitching
Alex McFarlane,686934,11,40.0,3.64,pitching
Spencer Miles,693686,12,40.0,3.33,pitching
Paul Skenes,694973,5,40.0,8.0,pitching
Tyler Glasnow,607192,3,40.0,13.33,pitching
Andy Pages,681624,13,39.0,3.0,hitting
Jonny DeLuca,676356,23,39.0,1.7,hitting
Brett Baty,683146,20,39.0,1.95,hitting
Patrick Bailey,672275,20,39.0,1.95,hitting
Alex Hoppe,695380,12,39.0,3.25,pitching
Brennan Bernardino,657514,13,39.0,3.0,pitching
Framber Valdez,664285,5,39.0,7.8,pitching
Ildemaro Vargas,545121,26,38.5,1.48,hitting
Sean Murphy,669221,14,38.0,2.71,hitting
Cody Freeman,683227,21,38.0,1.81,hitting
Craig Kimbrel,518886,9,38.0,4.22,pitching
Trent Harris,805345,12,38.0,3.17,pitching
Carson Seymour,693313,13,38.0,2.92,pitching
Braydon Fisher,680755,15,38.0,2.53,pitching
Drew Anderson,623454,5,38.0,7.6,pitching
Joey Cantillo,676282,5,38.0,7.6,pitching
Adael Amador,691182,10,37.0,3.7,hitting
Tommy White,695720,21,37.0,1.76,hitting
Julian Garcia,670062,11,37.0,3.36,pitching
Riley O'Brien,676617,12,37.0,3.08,pitching
Eli White,642201,22,36.5,1.66,hitting
Marcus Semien,543760,25,36.5,1.46,hitting
Victor Mederos,682989,12,36.0,3.0,pitching
Chase Silseth,681217,15,36.0,2.4,pitching
Rico Garcia,670329,14,36.0,2.57,pitching
Tanner Gordon,685299,6,36.0,6.0,pitching
Chris Bassitt,605135,5,36.0,7.2,pitching
Cody Bellinger,641355,14,35.5,2.54,hitting
Justin Crawford,702222,25,35.5,1.42,hitting
Spencer Torkelson,679529,25,35.5,1.42,hitting
Mickey Moniak,666160,25,35.5,1.42,hitting
Luis Rengifo,650859,18,35.0,1.94,hitting
George Lombard Jr.,806146,23,35.0,1.52,hitting
Ben Malgeri,701162,22,35.0,1.59,hitting
Brent Suter,608718,7,35.0,5.0,pitching
Ryan Watson,670245,11,35.0,3.18,pitching
Dylan Smith,681916,10,35.0,3.5,pitching
Ben Joyce,690829,8,35.0,4.38,pitching
Casey Legumina,668984,11,35.0,3.18,pitching
Lake Bachar,669199,8,35.0,4.38,pitching
Ryan Gusto,687473,6,35.0,5.83,pitching
Landen Roupp,694738,5,35.0,7.0,pitching
Yusei Kikuchi,579328,3,35.0,11.67,pitching
Troy Melton,675512,5,35.0,7.0,pitching
MacKenzie Gore,669022,6,35.0,5.83,pitching
Shane Baz,669358,5,35.0,7.0,pitching
Zac Veen,691728,21,34.5,1.64,hitting
Jonah Heim,641680,23,34.0,1.48,hitting
Seranthony Domínguez,622554,14,34.0,2.43,pitching
Chad Patrick,694477,10,34.0,3.4,pitching
Ryne Stanek,592773,12,34.0,2.83,pitching
Michael Petersen,656848,11,34.0,3.09,pitching
Zack Wheeler,554430,5,34.0,6.8,pitching
Tyler Tolbert,686475,19,33.5,1.76,hitting
Agustín Ramírez,682663,21,33.5,1.6,hitting
Christian Walker,572233,26,33.5,1.29,hitting
Cam Smith,701358,25,33.5,1.34,hitting
Jahmai Jones,663330,14,33.0,2.36,hitting
Charles McAdoo,807727,18,33.0,1.83,hitting
Esmerlyn Valdez,699013,21,33.0,1.57,hitting
Adley Rutschman,668939,18,33.0,1.83,hitting
Reiver Sanmartin,665665,15,33.0,2.2,pitching
Kevin Ginkel,656464,13,33.0,2.54,pitching
Robbie Ray,592662,5,33.0,6.6,pitching
Victor Mesa Jr.,683748,13,32.5,2.5,hitting
Elias Díaz,553869,24,32.5,1.35,hitting
Joc Pederson,592626,26,32.5,1.25,hitting
Jorge Mateo,622761,17,32.0,1.88,hitting
Tim Hill,657612,9,32.0,3.56,pitching
Bailey Ober,641927,5,32.0,6.4,pitching
Nolan Schanuel,694384,11,31.5,2.86,hitting
Carlos Cortes,666126,22,31.5,1.43,hitting
Brandon Marsh,669016,25,31.5,1.26,hitting
Ryan Waldschmidt,814439,24,31.5,1.31,hitting
Osleivis Basabe,678545,26,31.5,1.21,hitting
Andruw Monasterio,655316,23,31.5,1.37,hitting
Troy Johnston,687859,17,31.0,1.82,hitting
Brian Serven,661531,12,31.0,2.58,hitting
Griffin Canning,656288,6,31.0,5.17,pitching
Kyle Hart,606996,10,31.0,3.1,pitching
Dylan Dodd,689266,12,31.0,2.58,pitching
Steven Cruz,674444,10,31.0,3.1,pitching
Ryan Weathers,677960,3,31.0,10.33,pitching
José Soriano,667755,5,31.0,6.2,pitching
José Caballero,676609,23,30.5,1.33,hitting
Ryan Vilade,668723,19,30.0,1.58,hitting
Ezequiel Tovar,678662,24,30.0,1.25,hitting
Brooks Raley,548384,10,30.0,3.0,pitching
Cesar Perdomo,702885,2,30.0,15.0,pitching
Max Fried,608331,3,30.0,10.0,pitching
Ranger Suarez,624133,5,30.0,6.0,pitching
Will Warren,701542,5,30.0,6.0,pitching
Jackson Jobe,695549,6,30.0,5.0,pitching
Shota Imanaga,684007,5,30.0,6.0,pitching
Tyler Kinley,641755,9,29.0,3.22,pitching
Wyatt Olds,681544,8,29.0,3.62,pitching
Erik Tolman,680899,6,29.0,4.83,pitching
Alex Vesia,681911,14,29.0,2.07,pitching
Cam Booser,592155,11,29.0,2.64,pitching
Dedniel Núñez,673380,9,29.0,3.22,pitching
Yoendrys Gómez,672782,9,29.0,3.22,pitching
Casey Mize,663554,5,29.0,5.8,pitching
Tanner Bibee,676440,5,29.0,5.8,pitching
Dean Kremer,665152,5,29.0,5.8,pitching
Riley Greene,682985,8,28.5,3.56,hitting
Josh Smith,669701,14,28.5,2.04,hitting
Denzer Guzman,694203,24,28.5,1.19,hitting
Willy Adames,642715,10,28.0,2.8,hitting
Hunter Feduccia,676439,21,28.0,1.33,hitting
Eduardo Valencia,680664,16,28.0,1.75,hitting
Drew Romo,691011,14,28.0,2.0,hitting
Matt Festa,670036,12,28.0,2.33,pitching
Brad Lord,695418,7,28.0,4.0,pitching
José Urquidy,664353,5,28.0,5.6,pitching
Zac Thornton,804267,5,28.0,5.6,pitching
Cristian Javier,664299,5,28.0,5.6,pitching
Gage Jump,695611,6,28.0,4.67,pitching
Victor Robles,645302,10,27.5,2.75,hitting
Harry Ford,695670,15,27.5,1.83,hitting
Gary Sánchez,596142,19,27.5,1.45,hitting
Luis Torrens,620443,13,27.0,2.08,hitting
Owen Caissie,683357,19,27.0,1.42,hitting
Evan Carter,694497,27,27.0,1.0,hitting
Anthony Nunez,689296,5,27.0,5.4,pitching
Yerry De los Santos,660787,9,27.0,3.0,pitching
Brendon Little,663893,10,27.0,2.7,pitching
Jonathan Pintaro,702752,10,27.0,2.7,pitching
Paul Goldschmidt,502671,12,26.5,2.21,hitting
J.P. Crawford,641487,12,26.0,2.17,hitting
Blaze Jordan,691458,16,26.0,1.62,hitting
Mike Yastrzemski,573262,23,26.0,1.13,hitting
Mark Manfredi,815081,8,26.0,3.25,pitching
Ray Kerr,678061,5,26.0,5.2,pitching
Connor Thomas,671162,8,26.0,3.25,pitching
Kirby Yates,489446,11,26.0,2.36,pitching
Tayler Saucedo,642048,11,26.0,2.36,pitching
Camilo Doval,666808,13,26.0,2.0,pitching
Eduard Bazardo,660825,12,26.0,2.17,pitching
Trevor Richards,670950,10,26.0,2.6,pitching
Kyle Freeland,607536,3,26.0,8.67,pitching
Brady Basso,669620,10,26.0,2.6,pitching
Keider Montero,672456,4,26.0,6.5,pitching
Jared Jones,683003,5,26.0,5.2,pitching
Zach McKinstry,656716,23,25.5,1.11,hitting
Derek Hill,656537,19,25.0,1.32,hitting
Joe Mack,691788,21,25.0,1.19,hitting
Paul Sewald,623149,8,25.0,3.12,pitching
Jakob Junis,596001,10,25.0,2.5,pitching
Josh Ekness,694795,13,25.0,1.92,pitching
Gabe Speier,642100,10,25.0,2.5,pitching
Jeff Hoffman,656546,10,25.0,2.5,pitching
Yohan Ramírez,670990,10,25.0,2.5,pitching
Ryan Rolison,669020,11,25.0,2.27,pitching
Kyle Bradish,680694,6,25.0,4.17,pitching
Shane McClanahan,663556,4,25.0,6.25,pitching
Matthew Boyd,571510,5,25.0,5.0,pitching
Christian Scott,681035,5,25.0,5.0,pitching
Roman Anthony,701350,8,24.5,3.06,hitting
Brendan Donovan,680977,11,24.0,2.18,hitting
Colt Keith,690993,24,24.0,1.0,hitting
José Tena,677588,19,24.0,1.26,hitting
Moisés Ballesteros,694208,25,24.0,0.96,hitting
Grant Anderson,681982,8,24.0,3.0,pitching
Bryse Wilson,669060,6,24.0,4.0,pitching
Trevor Williams,592866,7,24.0,3.43,pitching
Sean Manaea,640455,5,24.0,4.8,pitching
Bryan Torres,663494,16,23.5,1.47,hitting
Jordan Lawlar,691783,16,23.5,1.47,hitting
Adam Frazier,624428,18,23.0,1.28,hitting
Javier Báez,595879,20,23.0,1.15,hitting
Jacob Gonzalez,694378,22,23.0,1.05,hitting
Jaden Hill,677955,7,23.0,3.29,pitching
Kyle Hurt,669165,8,23.0,2.88,pitching
Brock Stewart,592779,8,23.0,2.88,pitching
Jeremiah Estrada,669093,7,23.0,3.29,pitching
Pete Fairbanks,664126,6,23.0,3.83,pitching
Andre Pallante,669467,3,23.0,7.67,pitching
Quinn Mathews,687273,4,23.0,5.75,pitching
Robert Gasser,688107,5,23.0,4.6,pitching
Leo Bernal,699024,6,22.5,3.75,hitting
Masyn Winn,691026,14,22.5,1.61,hitting
Brock Rodden,801126,19,22.5,1.18,hitting
Juan Soto,665742,8,22.5,2.81,hitting
Trevor Larnach,663616,21,22.0,1.05,hitting
Taylor Clarke,664199,11,22.0,2.0,pitching
Cooper Hjerpe,687309,1,22.0,22.0,pitching
Cade Winquest,685464,5,22.0,4.4,pitching
Victor Vodnik,680767,10,22.0,2.2,pitching
Tyler Alexander,641302,13,22.0,1.69,pitching
Enyel De Los Santos,660853,12,22.0,1.83,pitching
Martín Pérez,527048,5,22.0,4.4,pitching
Hunter Dobbins,690928,3,22.0,7.33,pitching
J.T. Ginn,669372,4,22.0,5.5,pitching
Josh Rojas,668942,11,21.5,1.95,hitting
Miguel Amaya,665804,13,21.5,1.65,hitting
Dansby Swanson,621020,7,21.5,3.07,hitting
Gavin Sheets,657757,15,21.5,1.43,hitting
Christian Moore,695681,14,21.5,1.54,hitting
Francisco Alvarez,682626,21,21.0,1.0,hitting
Isaac Collins,686555,24,21.0,0.88,hitting
Justin Martinez,679885,6,21.0,3.5,pitching
Abner Uribe,682842,5,21.0,4.2,pitching
Michael Fulmer,605242,8,21.0,2.62,pitching
Garrett Whitlock,676477,4,21.0,5.25,pitching
Jimmy Herget,623474,13,21.0,1.62,pitching
Javier Assad,665871,4,21.0,5.25,pitching
Jeffrey Springs,605488,4,21.0,5.25,pitching
Matt Shaw,807713,9,20.5,2.28,hitting
Lane Thomas,657041,16,20.5,1.28,hitting
Brenton Doyle,686668,23,20.0,0.87,hitting
Petey Halpin,690984,19,20.0,1.05,hitting
Ryan Yarbrough,642232,4,20.0,5.0,pitching
Zach Agnos,688642,8,20.0,2.5,pitching
Emerson Hancock,676106,4,20.0,5.0,pitching
Blade Tidwell,694918,5,20.0,4.0,pitching
Michael McGreevy,700241,5,20.0,4.0,pitching
Anthony Kay,641743,6,20.0,3.33,pitching
Juan Brito,682877,4,19.5,4.88,hitting
Drew Cavanaugh,701852,22,19.5,0.89,hitting
Jose Siri,642350,27,19.5,0.72,hitting
Trevor Story,596115,7,19.0,2.71,hitting
Graham Pauley,688363,10,19.0,1.9,hitting
Weston Wilson,642215,15,19.0,1.27,hitting
Jacob Waguespack,621097,11,19.0,1.73,pitching
Tim Mayza,641835,7,19.0,2.71,pitching
Travis Adams,701519,9,19.0,2.11,pitching
Jose Fernandez,699912,10,18.5,1.85,hitting
James McCann,543510,13,18.5,1.42,hitting
Tyler Soderstrom,691016,5,18.5,3.7,hitting
Connor Wong,657136,13,18.5,1.42,hitting
Ramón Urías,602104,12,18.5,1.54,hitting
Nick Allen,669397,18,18.0,1.0,hitting
Brett Callahan,814430,17,18.0,1.06,hitting
Taylor Trammell,666211,26,18.0,0.69,hitting
Jake Bird,656234,8,18.0,2.25,pitching
Jonathan Hernández,642546,2,18.0,9.0,pitching
Blake Weiman,676620,9,18.0,2.0,pitching
Orlando Ribalta,687377,8,18.0,2.25,pitching
Grant Wolfram,664991,11,18.0,1.64,pitching
Dylan Lee,669276,11,18.0,1.64,pitching
Mason Adams,690279,3,18.0,6.0,pitching
Jack Perkins,678022,5,18.0,3.6,pitching
Shane Drohan,675660,5,18.0,3.6,pitching
Esteury Ruiz,665923,20,17.5,0.88,hitting
Spencer Horwitz,687462,21,17.5,0.83,hitting
Dustin Harris,687957,10,17.0,1.7,hitting
Anthony Seigler,678011,9,17.0,1.89,hitting
Byron Buxton,621439,11,17.0,1.55,hitting
Henry Davis,680779,15,17.0,1.13,hitting
Merrill Kelly,518876,5,17.0,3.4,pitching
Yaramil Hiraldo,682274,2,17.0,8.5,pitching
Greg Weissert,669711,9,17.0,1.89,pitching
Justin Bruihl,677865,12,17.0,1.42,pitching
Jason Foley,671345,11,17.0,1.55,pitching
Tyler Zuber,676604,14,17.0,1.21,pitching
George Soriano,666277,12,17.0,1.42,pitching
Edgar Quero,700337,4,16.5,4.12,hitting
Amed Rosario,642708,14,16.5,1.18,hitting
Austin Hays,669720,15,16.5,1.1,hitting
Heliot Ramos,671218,21,16.5,0.79,hitting
Nasim Nuñez,683083,24,16.5,0.69,hitting
Alex Call,669743,12,16.0,1.33,hitting
Sal Frelick,686217,9,16.0,1.78,hitting
Ke'Bryan Hayes,663647,16,16.0,1.0,hitting
LaMonte Wade Jr.,664774,21,16.0,0.76,hitting
Christian Vázquez,543877,14,16.0,1.14,hitting
Nolan Gorman,669357,11,16.0,1.45,hitting
Walker Jenkins,805805,9,16.0,1.78,hitting
Chase Shugart,663767,6,16.0,2.67,pitching
Chad Dallas,689149,1,16.0,16.0,pitching
Wilber Dotel,696062,2,16.0,8.0,pitching
Anthony Gose,543238,5,16.0,3.2,pitching
Jared Simpson,688692,1,16.0,16.0,pitching
Pierce Johnson,572955,11,16.0,1.45,pitching
Albert Suárez,544150,7,16.0,2.29,pitching
Ryan Zeferjahn,666171,11,16.0,1.45,pitching
Kody Funderburk,681892,13,16.0,1.23,pitching
Orion Kerkering,689147,11,16.0,1.45,pitching
David Peterson,656849,5,16.0,3.2,pitching
Austin Martin,668885,6,15.5,2.58,hitting
Enrique Hernández,571771,19,15.5,0.82,hitting
Kyle Karros,691720,6,15.5,2.58,hitting
Taylor Rogers,573124,11,15.0,1.36,pitching
Caleb Thielbar,573204,10,15.0,1.5,pitching
Austin Warren,681810,7,15.0,2.14,pitching
Luke Weaver,596133,9,15.0,1.67,pitching
Jacob Webb,657097,9,15.0,1.67,pitching
Jackson Kent,800600,5,15.0,3.0,pitching
George Kirby,669923,6,15.0,2.5,pitching
Jase Bowen,687749,20,14.5,0.72,hitting
Nick Yorke,694377,13,14.5,1.12,hitting
Miguel Rojas,500743,18,14.5,0.81,hitting
Danny Jansen,643376,11,14.5,1.32,hitting
Dillon Dingler,693307,25,14.5,0.58,hitting
Taylor Ward,621493,19,14.5,0.76,hitting
Mark Vientos,668901,5,14.0,2.8,hitting
Tyler O'Neill,641933,12,14.0,1.17,hitting
Andrew Knizner,668800,15,14.0,0.93,hitting
Grant McCray,687529,13,14.0,1.08,hitting
Khristian Curtis,694753,2,14.0,7.0,pitching
Carlos Vargas,672841,7,14.0,2.0,pitching
Alex Lange,656638,9,14.0,1.56,pitching
Peyton Gray,682608,11,14.0,1.27,pitching
Antonio Senzatela,622608,12,14.0,1.17,pitching
Rhett Lowder,695076,5,14.0,2.8,pitching
Steven Matz,571927,10,14.0,1.4,pitching
Ha-Seong Kim,673490,11,13.5,1.23,hitting
Nicky Lopez,670032,20,13.5,0.68,hitting
Samuel Basallo,694212,15,13.5,0.9,hitting
Alan Roden,702176,8,13.0,1.62,hitting
Victor Caratini,605170,9,13.0,1.44,hitting
Tyler Heineman,623168,18,13.0,0.72,hitting
Austin Hedges,595978,13,13.0,1.0,hitting
Jimmy Crooks,699625,13,13.0,1.0,hitting
Landon Knack,689017,1,13.0,13.0,pitching
Cole Winn,668390,8,13.0,1.62,pitching
Colin Rea,607067,7,13.0,1.86,pitching
Ryan Fernandez,681676,6,13.0,2.17,pitching
Jack Ralston,667652,7,13.0,1.86,pitching
José A. Ferrer,678606,13,13.0,1.0,pitching
Kyle Finnegan,640448,12,13.0,1.08,pitching
Jameson Taillon,592791,2,13.0,6.5,pitching
Patrick Sandoval,663776,5,13.0,2.6,pitching
Blaze Alexander,677942,9,12.5,1.39,hitting
James Wood,695578,4,12.0,3.0,hitting
Bryan De La Cruz,650559,14,12.0,0.86,hitting
Jacob Wilson,805779,6,12.0,2.0,hitting
Freddy Fermin,666023,15,12.0,0.8,hitting
Ryan McMahon,641857,15,12.0,0.8,hitting
Jose Trevino,624431,13,12.0,0.92,hitting
Brandon Valenzuela,678218,16,12.0,0.75,hitting
Tyler Davis,699823,4,12.0,3.0,pitching
Elieser Hernández,622694,1,12.0,12.0,pitching
Dennis Santana,642701,6,12.0,2.0,pitching
Dax Fulton,690978,4,12.0,3.0,pitching
Geoff Hartlieb,664129,3,12.0,4.0,pitching
Manuel Rodríguez,655889,4,12.0,3.0,pitching
Tatsuya Imai,837227,3,12.0,4.0,pitching
José Alvarado,621237,9,12.0,1.33,pitching
Jose Cabrera,703615,2,12.0,6.0,pitching
Peter Lambert,663567,6,12.0,2.0,pitching
Connor Prielipp,687570,5,12.0,2.4,pitching
Masataka Yoshida,807799,6,11.5,1.92,hitting
Daz Cameron,663662,8,11.5,1.44,hitting
Jesús Sánchez,660821,18,11.5,0.64,hitting
Christian Franklin,681047,12,11.5,0.96,hitting
Ronny Simon,682927,6,11.0,1.83,hitting
Andrew Pinckney,687605,11,11.0,1.0,hitting
Jose Cuas,621016,10,11.0,1.1,pitching
Joe Mantiply,573009,3,11.0,3.67,pitching
Craig Yoho,684974,10,11.0,1.1,pitching
Yunior Marte,805074,2,11.0,5.5,pitching
Andrew Sears,808825,3,11.0,3.67,pitching
Logan Webb,657277,5,11.0,2.2,pitching
Jordan Hicks,663855,10,11.0,1.1,pitching
Yohandy Morales,691002,4,10.5,2.62,hitting
Logan O'Hoppe,681351,8,10.5,1.31,hitting
Everson Pereira,677592,11,10.5,0.95,hitting
Leo Jiménez,677870,14,10.5,0.75,hitting
Will Smith,669257,6,10.5,1.75,hitting
Michael Stefanic,683021,7,10.0,1.43,hitting
Jordan Beck,687597,17,10.0,0.59,hitting
Nick Fortes,663743,12,10.0,0.83,hitting
Luke Murphy,684665,11,10.0,0.91,pitching
Trent Thornton,663423,11,10.0,0.91,pitching
Tejay Antone,622088,13,10.0,0.77,pitching
Wandy Peralta,593974,7,10.0,1.43,pitching
Ethan Pecko,814490,4,10.0,2.5,pitching
Cade Gibson,806188,11,10.0,0.91,pitching
Matthew Liberatore,669461,6,10.0,1.67,pitching
Jhonny Pereda,640902,8,9.5,1.19,hitting
Jorge Barrosa,678489,15,9.5,0.63,hitting
Rhys Hoskins,656555,6,9.5,1.58,hitting
Kenny Piper,700652,11,9.5,0.86,hitting
Jake Rogers,668670,14,9.5,0.68,hitting
Oswald Peraza,672724,17,9.5,0.56,hitting
Shay Whitcomb,694376,14,9.5,0.68,hitting
Sean Keys,815873,4,9.0,2.25,hitting
Nick Frasso,693308,11,9.0,0.82,pitching
Jack Weisenburger,674073,3,9.0,3.0,pitching
Gerardo Carrillo,672629,7,9.0,1.29,pitching
Samy Natera Jr.,696519,4,9.0,2.25,pitching
Clayton Beeter,690925,11,9.0,0.82,pitching
John Peck,807726,7,8.5,1.21,hitting
Maikel Garcia,672580,4,8.0,2.0,hitting
Buddy Kennedy,671083,11,8.0,0.73,hitting
Daniel Espino,682982,1,8.0,8.0,pitching
Tobias Myers,668964,1,8.0,8.0,pitching
Austin Peterson,804926,1,8.0,8.0,pitching
Miguel Ullola,699044,2,8.0,4.0,pitching
Derek Law,571882,4,8.0,2.0,pitching
Bobby Miller,676272,1,8.0,8.0,pitching
Brett Kerry,695049,1,8.0,8.0,pitching
Beau Brieske,689225,3,8.0,2.67,pitching
Yunior Tur,814305,3,8.0,2.67,pitching
Chris Roycroft,688297,6,8.0,1.33,pitching
Jovani Morán,663558,11,8.0,0.73,pitching
Tyron Guerrero,594027,10,8.0,0.8,pitching
Jefry Yan,642376,11,8.0,0.73,pitching
Roki Sasaki,808963,3,8.0,2.67,pitching
Carmen Mlodzinski,669387,6,8.0,1.33,pitching
Elmer Rodríguez,695684,2,8.0,4.0,pitching
Eric Lauer,641778,4,8.0,2.0,pitching
Bennett Sousa,656986,12,8.0,0.67,pitching
Nick Morabito,703492,4,7.5,1.88,hitting
Ryan Kreidler,668952,19,7.5,0.39,hitting
Isiah Kiner-Falefa,643396,5,7.0,1.4,hitting
Samad Taylor,669392,5,7.0,1.4,hitting
Max Kepler,596146,11,7.0,0.64,hitting
Carson Williams,700246,4,7.0,1.75,hitting
Nelson Velázquez,676369,11,7.0,0.64,hitting
Cooper Criswell,681867,3,7.0,2.33,pitching
Jhony Brito,666745,2,7.0,3.5,pitching
Xzavion Curry,675540,2,7.0,3.5,pitching
Tyler Schweitzer,805326,5,7.0,1.4,pitching
Peter Strzelecki,657265,5,7.0,1.4,pitching
Tommy Nance,667297,9,7.0,0.78,pitching
Davis Martin,663436,3,7.0,2.33,pitching
Brandon Williamson,682227,1,7.0,7.0,pitching
Kade Anderson,807739,3,7.0,2.33,pitching
Lazaro Montes,703155,5,6.5,1.3,hitting
Garrett Stubbs,596117,10,6.5,0.65,hitting
Kyle Teel,691019,3,6.5,2.17,hitting
Leo Rivas,660844,6,6.0,1.0,hitting
Darell Hernaiz,687231,8,6.0,0.75,hitting
Alek Thomas,677950,7,6.0,0.86,hitting
TJ Friedl,670770,18,6.0,0.33,hitting
Brian Navarreto,640459,15,6.0,0.4,hitting
Miles Mikolas,571945,1,6.0,6.0,pitching
Jordan Montgomery,656756,7,6.0,0.86,pitching
Caleb Kilian,668873,1,6.0,6.0,pitching
Jack Sinclair,695378,2,6.0,3.0,pitching
Justin Topa,623437,2,6.0,3.0,pitching
Ricky Tiedemann,694357,3,6.0,2.0,pitching
Tanner Rainey,663432,6,6.0,1.0,pitching
JoJo Romero,668941,4,6.0,1.5,pitching
Brayan Bello,678394,5,6.0,1.2,pitching
Ryan Walker,676254,6,6.0,1.0,pitching
Fernando Cruz,518585,6,6.0,1.0,pitching
Jonathan Cannon,686563,1,6.0,6.0,pitching
Raymond Burgos,670103,4,6.0,1.5,pitching
David Fry,681807,9,5.5,0.61,hitting
Gabriel Arias,672356,7,5.5,0.79,hitting
Pedro Pagés,686780,11,5.5,0.5,hitting
Starling Marte,516782,4,5.5,1.38,hitting
Sung-Mun Song,823550,10,5.5,0.55,hitting
Gustavo Campero,672569,4,5.0,1.25,hitting
Yohel Pozo,650968,9,5.0,0.56,hitting
Alex Freeland,690976,6,5.0,0.83,hitting
Carlos Narváez,665966,21,5.0,0.24,hitting
Blas Castaño,680604,2,5.0,2.5,pitching
Juan Burgos,686228,2,5.0,2.5,pitching
Joel Kuhnel,669270,2,5.0,2.5,pitching
Lyon Richardson,680689,1,5.0,5.0,pitching
Zach Maxwell,687209,2,5.0,2.5,pitching
Sammy Peralta,671111,8,5.0,0.62,pitching
Cody Bradford,674003,5,5.0,1.0,pitching
Michael Soroka,647336,3,5.0,1.67,pitching
Jake Irvin,663623,5,5.0,1.0,pitching
Matt Wilkinson,683363,4,5.0,1.25,pitching
Brady Singer,663903,6,5.0,0.83,pitching
Jihwan Bae,678225,4,4.5,1.12,hitting
Cam Cauley,695508,7,4.5,0.64,hitting
Nate Furman,801501,12,4.5,0.38,hitting
Austin Wynns,642851,6,4.0,0.67,hitting
Brewer Hicklen,676551,4,4.0,1.0,hitting
Jarred Kelenic,672284,10,4.0,0.4,hitting
Christopher Morel,666624,9,4.0,0.44,hitting
Brandon Lockridge,663604,9,4.0,0.44,hitting
Luisangel Acuña,682668,9,4.0,0.44,hitting
Brendan Beck,694341,1,4.0,4.0,pitching
Kervin Castro,665645,1,4.0,4.0,pitching
Brandon Eisert,685126,2,4.0,2.0,pitching
Ty Johnson,694494,1,4.0,4.0,pitching
Antwone Kelly,699008,1,4.0,4.0,pitching
Zach McCambley,685112,1,4.0,4.0,pitching
Slade Cecconi,677944,1,4.0,4.0,pitching
Joe Boyle,671212,1,4.0,4.0,pitching
Sam Hentges,656529,8,4.0,0.5,pitching
Kent Emanuel,592288,1,4.0,4.0,pitching
Justin Hagenman,663795,2,4.0,2.0,pitching
Cade Povich,700249,2,4.0,2.0,pitching
Carson Whisenhunt,687931,3,4.0,1.33,pitching
Bryce Elder,693821,4,4.0,1.0,pitching
Corey Julks,667452,4,3.5,0.88,hitting
Jorge Polanco,593871,6,3.5,0.58,hitting
Deyvison De Los Santos,691277,5,3.0,0.6,hitting
Kevin Alcántara,682634,4,3.0,0.75,hitting
Jared Serna,691858,5,3.0,0.6,hitting
Dominic Smith,642086,10,3.0,0.3,hitting
Michael Toglia,669911,10,3.0,0.3,hitting
Denzel Clarke,672016,4,3.0,0.75,hitting
Jim Jarvis,805347,9,3.0,0.33,hitting
Luke Maile,571912,1,3.0,3.0,pitching
Dylan Ross,697811,1,3.0,3.0,pitching
Blake Treinen,595014,1,3.0,3.0,pitching
Parker Mushinski,656786,6,3.0,0.5,pitching
Luis Gil,661563,1,3.0,3.0,pitching
Bradley Hanner,690440,3,3.0,1.0,pitching
Matt Waldron,663362,6,3.0,0.5,pitching
Mitch Bratt,683352,4,3.0,0.75,pitching
Alex Jackson,656577,4,2.5,0.62,hitting
Cristian Pache,665506,9,2.5,0.28,hitting
Eric Wagaman,676572,3,2.5,0.83,hitting
Tyler Locklear,682988,5,2.0,0.4,hitting
Gabriel Gonzalez,694224,6,2.0,0.33,hitting
Marco Gonzales,594835,1,2.0,2.0,pitching
CJ Van Eyk,669310,1,2.0,2.0,pitching
Adam Macko,671936,5,2.0,0.4,pitching
Huascar Brazobán,623211,8,2.0,0.25,pitching
Keaton Winn,676775,4,2.0,0.5,pitching
Graham Ashcraft,668933,1,2.0,2.0,pitching
Kumar Rocker,677958,6,2.0,0.33,pitching
Jonathan Ornelas,680716,4,1.5,0.38,hitting
Ben Rortvedt,666163,13,1.5,0.12,hitting
Ryan Ritter,690022,10,1.5,0.15,hitting
Victor Bericoto,682674,9,1.5,0.17,hitting
César Prieto,693409,5,1.5,0.3,hitting
James Triantos,701649,3,1.5,0.5,hitting
Rece Hinds,677956,1,1.0,1.0,hitting
Bo Naylor,666310,1,1.0,1.0,hitting
Jonah Bride,681146,2,1.0,0.5,hitting
Jasson Domínguez,691176,2,1.0,0.5,hitting
Braxton Fulford,690924,3,1.0,0.33,hitting
Raynel Delgado,669384,2,1.0,0.5,hitting
Alejandro Osuna,696030,1,1.0,1.0,hitting
Kyren Paris,677347,2,1.0,0.5,hitting
Davis Schneider,676914,3,1.0,0.33,hitting
Bryce Teodosio,669326,1,1.0,1.0,hitting
Luis Vázquez,676679,1,1.0,1.0,hitting
Noah Murdock,668716,1,1.0,1.0,pitching
Philip Abner,691769,2,1.0,0.5,pitching
Ben Peoples,687239,4,1.0,0.25,pitching
TJ Shook,669298,1,1.0,1.0,pitching
Jesse Scholtens,669947,2,1.0,0.5,pitching
Bradley Blalock,687134,1,1.0,1.0,pitching
Carlos Hernández,672578,2,1.0,0.5,pitching
Luis De León,801725,3,1.0,0.33,pitching
Chris Devenski,606965,4,1.0,0.25,pitching
Ty Madden,680744,6,1.0,0.17,pitching
Hunter Barco,682995,1,1.0,1.0,pitching
Drew Rom,680723,7,1.0,0.14,pitching
Ronel Blanco,669854,2,1.0,0.5,pitching
Daniel Lynch IV,663738,5,1.0,0.2,pitching
Nick Lodolo,666157,5,1.0,0.2,pitching
Luis Castillo,622491,5,1.0,0.2,pitching
Eddys Leonard,678760,1,0.5,0.5,hitting
Daniel Schneemann,682177,5,0.5,0.1,hitting
Heston Kjerstad,677008,3,0.5,0.17,hitting
Edwin Arroyo,695490,6,0.5,0.08,hitting
Ivan Johnson,671155,6,0.5,0.08,hitting
James Outman,681546,4,0.5,0.12,hitting
Victor Scott II,687363,5,0.0,0.0,hitting
BJ Murray Jr.,681230,3,0.0,0.0,hitting
Jack Brannigan,687394,1,0.0,0.0,hitting
Billy Cook,695257,9,0.0,0.0,hitting
Tyler Freeman,671289,1,0.0,0.0,hitting
Owen Miller,680911,1,0.0,0.0,hitting
Tommy Pham,502054,1,0.0,0.0,hitting
Max Schuemann,680474,1,0.0,0.0,hitting
Franco Aleman,680916,3,0.0,0.0,pitching
Tyler Gilbert,656457,1,0.0,0.0,pitching
Tyler Ferguson,621053,1,0.0,0.0,pitching
Justin Slaten,686580,2,0.0,0.0,pitching
JT Brubaker,664141,6,0.0,0.0,pitching
Jhonathan Díaz,646242,1,0.0,0.0,pitching
Nolan Hoffman,676510,3,0.0,0.0,pitching
Michael Grove,675627,1,0.0,0.0,pitching
Yennier Cano,666974,10,0.0,0.0,pitching
Andrew Abbott,671096,5,0.0,0.0,pitching
Matthew Lugo,683090,5,-0.5,-0.1,hitting
Travis d'Arnaud,518595,10,-0.5,-0.05,hitting
Michael Arroyo,703197,1,-0.5,-0.5,hitting
Will Banfield,677943,3,-0.5,-0.17,hitting
Jhostynxon Garcia,691373,3,-0.5,-0.17,hitting
Jake Meyers,676694,4,-0.5,-0.12,hitting
Ben Ross,805346,3,-0.5,-0.17,hitting
Dalton Rushing,687221,4,-0.5,-0.12,hitting
Tommy Troy,694371,1,-0.5,-0.5,hitting
Carlos Jorge,699115,2,-1.0,-0.5,hitting
Vimael Machín,605353,1,-1.0,-1.0,hitting
Daniel Susac,691740,2,-1.0,-0.5,hitting
Taylor Rashi,688497,1,-1.0,-1.0,pitching
Sam Moll,594580,12,-1.0,-0.08,pitching
Simeon Woods Richardson,680573,5,-1.0,-0.2,pitching
Blake Burkhalter,686628,1,-1.0,-1.0,pitching
Mitch Farris,815083,1,-1.0,-1.0,pitching
Blake Walston,686796,1,-1.0,-1.0,pitching
Ali Sánchez,645305,10,-1.5,-0.15,hitting
Noelvi Marte,682622,7,-1.5,-0.21,hitting
Konnor Griffin,804606,3,-1.5,-0.5,hitting
Patrick Wisdom,621550,4,-1.5,-0.38,hitting
Ethan Salas,806956,3,-2.0,-0.67,hitting
Trevor Martin,694680,1,-2.0,-2.0,pitching
David Morgan,688158,5,-2.0,-0.4,pitching
Seth Martinez,661527,1,-2.0,-2.0,pitching
Cole Sulser,642121,1,-2.0,-2.0,pitching
Riley Cornelio,683000,1,-2.0,-2.0,pitching
Alan Rangel,660604,1,-2.0,-2.0,pitching
Carlos Duran,679922,2,-2.0,-1.0,pitching
Ryan Feltner,663372,5,-2.0,-0.4,pitching
Robert Stock,476594,6,-2.0,-0.33,pitching
Dustin May,669160,5,-2.0,-0.4,pitching
Jeremiah Jackson,669236,8,-2.5,-0.31,hitting
Enmanuel De Jesus,646241,4,-3.0,-0.75,pitching
Seth Lonsway,675920,1,-3.0,-3.0,pitching
Braxton Roxby,694820,2,-3.0,-1.5,pitching
Lazaro Estrada,681751,3,-3.0,-1.0,pitching
Edwin Díaz,621242,5,-3.0,-0.6,pitching
Mason Black,696131,4,-4.0,-1.0,pitching
Chayce McDermott,694646,2,-4.0,-2.0,pitching
Drey Jameson,686753,1,-4.0,-4.0,pitching
Patrick Monteverde,687287,1,-4.0,-4.0,pitching
Justin Wrobleski,680736,4,-4.0,-1.0,pitching
Andrew Morris,702193,11,-4.0,-0.36,pitching
Colt Emerson,806068,5,-4.5,-0.9,hitting
Lucas Erceg,668674,3,-5.0,-1.67,pitching
Juan Mejia,675848,11,-5.0,-0.45,pitching
Isaac Mattson,676755,2,-5.0,-2.5,pitching
Kai-Wei Teng,678906,5,-5.0,-1.0,pitching
Seth Halvorsen,678020,5,-5.0,-1.0,pitching
Kohl Drake,684442,1,-5.0,-5.0,pitching
Colin Holderman,670059,10,-6.0,-0.6,pitching
Tanner McDougal,701780,1,-6.0,-6.0,pitching
Garrett Acton,670183,3,-7.0,-2.33,pitching
Danny Young,664849,2,-7.0,-3.5,pitching
Kyle Harrison,690986,5,-7.0,-1.4,pitching
Seth Lugo,607625,6,-7.0,-1.17,pitching
Spencer Arrighetti,681293,4,-7.0,-1.75,pitching
Seth Johnson,686751,5,-8.0,-1.6,pitching
Chase Lee,695445,2,-8.0,-4.0,pitching
Hoby Milner,571948,2,-8.0,-4.0,pitching
Daniel Palencia,694037,6,-9.0,-1.5,pitching
Tomoyuki Sugano,608372,5,-9.0,-1.8,pitching
Logan Allen,671106,5,-9.0,-1.8,pitching
Griffin Jax,643377,1,-9.0,-9.0,pitching
Tom Cosgrove,676680,9,-10.0,-1.11,pitching
Yilber Díaz,700270,1,-10.0,-10.0,pitching
AJ Smith-Shawver,700363,3,-10.0,-3.33,pitching
Nick Davila,689546,4,-11.0,-2.75,pitching
Michael Lorenzen,547179,5,-11.0,-2.2,pitching
Bryce Miller,682243,4,-11.0,-2.75,pitching
Brycen Mautz,802408,3,-11.0,-3.67,pitching
Zack Littell,641793,3,-12.0,-4.0,pitching
Easton McGee,668834,3,-12.0,-4.0,pitching
Yovanny Cruz,672442,4,-12.0,-3.0,pitching
Josh Simpson,681006,2,-12.0,-6.0,pitching
Kade Morris,695034,3,-13.0,-4.33,pitching
Bryan King,687911,7,-14.0,-2.0,pitching
Garrett Cleavinger,664076,10,-15.0,-1.5,pitching
Evan Sisk,681895,5,-16.0,-3.2,pitching
Caleb Ferguson,657571,7,-16.0,-2.29,pitching
Hayden Juenger,696522,5,-16.0,-3.2,pitching
Tony Santillan,663574,6,-17.0,-2.83,pitching
Luis Perales,691384,3,-17.0,-5.67,pitching
Edward Cabrera,665795,1,-17.0,-17.0,pitching
Spencer Bivens,702352,2,-18.0,-9.0,pitching
Max Kranick,668820,10,-19.0,-1.9,pitching
Michael Rucker,621074,10,-19.0,-1.9,pitching
John King,667463,3,-19.0,-6.33,pitching
Blake Adams,687060,1,-19.0,-19.0,pitching
Hancel Rincon,684516,2,-20.0,-10.0,pitching
Shaun Anderson,641312,1,-20.0,-20.0,pitching
Robby Ahlstrom,695239,10,-21.0,-2.1,pitching
Jedixson Paez,699151,1,-22.0,-22.0,pitching
Ron Marinaccio,676760,4,-23.0,-5.75,pitching
Gabriel Hughes,687312,5,-25.0,-5.0,pitching
Mason Barnett,686930,2,-30.0,-15.0,pitching
José Suarez,660761,4,-34.0,-8.5,pitching
