mlbam_id,name,norm_name,mlb_team,il_type,status_code,status_desc
640462,A.J. Puk,aj puk,AZ,60-day,D60,Injured 60-Day
831004,AJ Soldra,aj soldra,LAD,full-season,ILF,Injured - Full Season
605156,Aaron Brooks,aaron brooks,TB,full-season,ILF,Injured - Full Season
694551,Aaron Combs,aaron combs,PHI,7-day,D7,Injured 7-Day
592450,Aaron Judge,aaron judge,NYY,10-day,D10,Injured 10-Day
830799,Abraham Gomez,abraham gomez,DET,60-day,D60,Injured 60-Day
834675,Abraham Negrin,abraham negrin,CLE,60-day,D60,Injured 60-Day
826168,Adam Bloebaum,adam bloebaum,WSH,60-day,D60,Injured 60-Day
669445,Adam Laskey,adam laskey,COL,60-day,D60,Injured 60-Day
800049,Adam Mazur,adam mazur,MIA,60-day,D60,Injured 60-Day
671969,Adam Tulloch,adam tulloch,CLE,7-day,D7,Injured 7-Day
680718,Addison Barger,addison barger,TOR,60-day,D60,Injured 60-Day
800012,Adilson Peralta,adilson peralta,PHI,7-day,D7,Injured 7-Day
666969,Adolis García,adolis garcia,PHI,60-day,D60,Injured 60-Day
806583,Adonys Perez,adonys perez,AZ,60-day,D60,Injured 60-Day
605288,Adrian Houser,adrian houser,SF,60-day,D60,Injured 60-Day
692037,Adrian Quintana,adrian quintana,SEA,60-day,D60,Injured 60-Day
830397,Adrian Torres,adrian torres,LAD,60-day,D60,Injured 60-Day
692368,Adrián Sugastey,adrian sugastey,SF,7-day,D7,Injured 7-Day
827604,Aidan Deakins,aidan deakins,TEX,60-day,D60,Injured 60-Day
826538,Aidan Foeller,aidan foeller,LAD,7-day,D7,Injured 7-Day
815067,Aidan Longwell,aidan longwell,COL,7-day,D7,Injured 7-Day
835318,Aidan Redahan,aidan redahan,COL,7-day,D7,Injured 7-Day
828140,Aidan West,aidan west,LAD,7-day,D7,Injured 7-Day
807026,Aiden Taggart,aiden taggart,TOR,7-day,D7,Injured 7-Day
804109,Aiva Arquette,aiva arquette,MIA,7-day,D7,Injured 7-Day
814085,Alan Reyes,alan reyes,STL,60-day,D60,Injured 60-Day
827286,Albert Ortiz,albert ortiz,MIA,60-day,D60,Injured 60-Day
839016,Albert Pena,albert pena,BOS,60-day,D60,Injured 60-Day
805696,Albert Polanco,albert polanco,MIA,full-season,ILF,Injured - Full Season
839408,Albert Ramos,albert ramos,ATH,60-day,D60,Injured 60-Day
699215,Alberto Mota,alberto mota,TEX,60-day,D60,Injured 60-Day
830484,Albertt Medina,albertt medina,PHI,60-day,D60,Injured 60-Day
702881,Aldrin Batista,aldrin batista,CWS,60-day,D60,Injured 60-Day
679525,Alec Marsh,alec marsh,KC,60-day,D60,Injured 60-Day
834289,Alejandro Bustamante,alejandro bustamante,MIL,60-day,D60,Injured 60-Day
691730,Alejandro Rosario,alejandro rosario,WSH,full-season,ILF,Injured - Full Season
807987,Alessander De La Cruz,alessander de la cruz,COL,60-day,D60,Injured 60-Day
700344,Alessandro Ercolani,alessandro ercolani,PIT,60-day,D60,Injured 60-Day
681323,Alex Binelas,alex binelas,PHI,60-day,D60,Injured 60-Day
832225,Alex Breckheimer,alex breckheimer,STL,60-day,D60,Injured 60-Day
676498,Alex Cornwell,alex cornwell,STL,full-season,ILF,Injured - Full Season
694453,Alex Galvan,alex galvan,AZ,60-day,D60,Injured 60-Day
825754,Alex Ramos,alex ramos,BAL,full-season,ILF,Injured - Full Season
840308,Alexander Bertiz,alexander bertiz,DET,60-day,D60,Injured 60-Day
808167,Alexander De Los Santos,alexander de los santos,PHI,60-day,D60,Injured 60-Day
822280,Alexander Diaz,alexander diaz,BAL,60-day,D60,Injured 60-Day
824212,Alexander Garcia,alexander garcia,CLE,full-season,ILF,Injured - Full Season
837777,Alexander Padilla,alexander padilla,DET,60-day,D60,Injured 60-Day
832797,Alexis Gonzalez,alexis gonzalez,NYY,60-day,D60,Injured 60-Day
806536,Alexis Liebano,alexis liebano,AZ,7-day,D7,Injured 7-Day
800225,Alexis Torres,alexis torres,PIT,full-season,ILF,Injured - Full Season
814376,Alfredo Guanchez,alfredo guanchez,AZ,60-day,D60,Injured 60-Day
700287,Alfredo Zarraga,alfredo zarraga,TB,full-season,ILF,Injured - Full Season
816305,Alistair Tanner,alistair tanner,DET,full-season,ILF,Injured - Full Season
699154,Alvaro Mejias,alvaro mejias,TB,60-day,D60,Injured 60-Day
837937,Ander Guzman,ander guzman,CWS,60-day,D60,Injured 60-Day
820901,Anderson Brito,anderson brito,TB,60-day,D60,Injured 60-Day
829705,Anderson Diaz,anderson diaz,DET,60-day,D60,Injured 60-Day
823414,Anderson Ramos,anderson ramos,MIN,full-season,ILF,Injured - Full Season
807639,Andre Vasquez,andre vasquez,CIN,60-day,D60,Injured 60-Day
657510,Andrew Bechtold,andrew bechtold,PHI,full-season,ILF,Injured - Full Season
702254,Andrew Dutkanych IV,andrew dutkanych iv,STL,7-day,D7,Injured 7-Day
688474,Andrew Morones,andrew morones,KC,7-day,D7,Injured 7-Day
677053,Andrew Nardi,andrew nardi,MIA,60-day,D60,Injured 60-Day
801464,Andrew Pintar,andrew pintar,MIA,7-day,D7,Injured 7-Day
685314,Andrew Saalfrank,andrew saalfrank,AZ,60-day,D60,Injured 60-Day
811106,Andrew Sentlinger,andrew sentlinger,CWS,60-day,D60,Injured 60-Day
811083,Andrew Tess,andrew tess,BAL,60-day,D60,Injured 60-Day
681003,Andrew Walling,andrew walling,PHI,60-day,D60,Injured 60-Day
820848,Andy Fabian,andy fabian,BAL,60-day,D60,Injured 60-Day
681624,Andy Pages,andy pages,LAD,10-day,D10,Injured 10-Day
837329,Andy Sanchez,andy sanchez,KC,60-day,D60,Injured 60-Day
805874,Aneudis Mejia,aneudis mejia,TEX,7-day,D7,Injured 7-Day
703102,Anfernny Reyes,anfernny reyes,MIL,60-day,D60,Injured 60-Day
823368,Angel Bello,angel bello,CWS,60-day,D60,Injured 60-Day
702784,Angel Benitez,angel benitez,NYY,60-day,D60,Injured 60-Day
837680,Angel Cordova,angel cordova,CLE,60-day,D60,Injured 60-Day
829837,Angel Gonzalez,angel gonzalez,CHC,60-day,D60,Injured 60-Day
825418,Angel Montero,angel montero,NYM,60-day,D60,Injured 60-Day
837687,Angel Nieto,angel nieto,PIT,7-day,D7,Injured 7-Day
820877,Angel Ynfante,angel ynfante,TOR,60-day,D60,Injured 60-Day
672582,Angel Zerpa,angel zerpa,MIL,60-day,D60,Injured 60-Day
607455,Anthony Banda,anthony banda,MIN,60-day,D60,Injured 60-Day
669622,Anthony Bender,anthony bender,MIA,15-day,D15,Injured 15-Day
821242,Anthony Delgado,anthony delgado,NYM,60-day,D60,Injured 60-Day
800260,Anthony Flores,anthony flores,MIL,7-day,D7,Injured 7-Day
820878,Anthony Gantes,anthony gantes,HOU,60-day,D60,Injured 60-Day
703152,Anthony Gutierrez,anthony gutierrez,TEX,full-season,ILF,Injured - Full Season
804397,Anthony Karoly,anthony karoly,SEA,7-day,D7,Injured 7-Day
815101,Anthony Patterson III,anthony patterson iii,CWS,7-day,D7,Injured 7-Day
543685,Anthony Rendon,anthony rendon,LAA,60-day,D60,Injured 60-Day
623993,Anthony Santander,anthony santander,TOR,60-day,D60,Injured 60-Day
678011,Anthony Seigler,anthony seigler,BOS,10-day,D10,Injured 10-Day
702500,Anthony Silva,anthony silva,CLE,60-day,D60,Injured 60-Day
696143,Anthony Solometo,anthony solometo,PIT,full-season,ILF,Injured - Full Season
803174,Anthony Stephan,anthony stephan,CIN,full-season,ILF,Injured - Full Season
809779,Anthony Tandron,anthony tandron,SF,60-day,D60,Injured 60-Day
802093,Antonio Florido,antonio florido,DET,60-day,D60,Injured 60-Day
694674,Antonio Menendez,antonio menendez,AZ,7-day,D7,Injured 7-Day
809812,Antony Aparicio,antony aparicio,HOU,full-season,ILF,Injured - Full Season
694041,Anyelo Ovando,anyelo ovando,SEA,full-season,ILF,Injured - Full Season
703242,Anyer Laureano,anyer laureano,CIN,60-day,D60,Injured 60-Day
829820,Ariel Ramos,ariel ramos,CHC,60-day,D60,Injured 60-Day
836171,Austin Brown,austin brown,NYM,60-day,D60,Injured 60-Day
701366,Austin Fawley,austin fawley,ATL,7-day,D7,Injured 7-Day
809719,Austin Green,austin green,NYY,full-season,ILF,Injured - Full Season
685116,Austin Kitchen,austin kitchen,SEA,full-season,ILF,Injured - Full Season
702556,Austin Overn,austin overn,TB,7-day,D7,Injured 7-Day
809340,Austin Troesser,austin troesser,NYM,full-season,ILF,Injured - Full Season
694391,Austin Vernon,austin vernon,TB,full-season,ILF,Injured - Full Season
830048,Ayverson Echenique,ayverson echenique,TEX,60-day,D60,Injured 60-Day
690544,Bailey Horn,bailey horn,DET,60-day,D60,Injured 60-Day
806010,Barrett Kent,barrett kent,LAA,full-season,ILF,Injured - Full Season
685121,Beau Philip,beau philip,TOR,7-day,D7,Injured 7-Day
694360,Beck Way,beck way,KC,15-day,D15,Injured 15-Day
676962,Ben Brown,ben brown,CHC,60-day,D60,Injured 60-Day
804992,Ben Brutti,ben brutti,CIN,60-day,D60,Injured 60-Day
676508,Ben Casparius,ben casparius,LAD,60-day,D60,Injured 60-Day
803015,Ben Hartl,ben hartl,CWS,7-day,D7,Injured 7-Day
696292,Ben Hess,ben hess,NYY,60-day,D60,Injured 60-Day
803292,Ben Peterson,ben peterson,SF,7-day,D7,Injured 7-Day
815456,Ben Shields,ben shields,COL,60-day,D60,Injured 60-Day
815969,Bernardo Rivera,bernardo rivera,TEX,full-season,ILF,Injured - Full Season
815814,Billy Carlson,billy carlson,CWS,7-day,D7,Injured 7-Day
676275,Blake Beers,blake beers,ATH,60-day,D60,Injured 60-Day
701331,Blake Cyr,blake cyr,NYY,7-day,D7,Injured 7-Day
703537,Blake Dickerson,blake dickerson,DET,60-day,D60,Injured 60-Day
694362,Blake Dunn,blake dunn,CIN,60-day,D60,Injured 60-Day
805730,Blake Gillespie,blake gillespie,NYY,60-day,D60,Injured 60-Day
820836,Blake Larson,blake larson,CWS,60-day,D60,Injured 60-Day
690999,Blake Money,blake money,BAL,full-season,ILF,Injured - Full Season
822470,Blake Purnell,blake purnell,TOR,7-day,D7,Injured 7-Day
824245,Blake Shepardson,blake shepardson,CWS,full-season,ILF,Injured - Full Season
694543,Blake Wright,blake wright,COL,60-day,D60,Injured 60-Day
677942,Blaze Alexander,blaze alexander,BAL,10-day,D10,Injured 10-Day
691458,Blaze Jordan,blaze jordan,STL,10-day,D10,Injured 10-Day
815563,Bo Walker,bo walker,AZ,7-day,D7,Injured 7-Day
816339,Bohan Adderley,bohan adderley,NYM,7-day,D7,Injured 7-Day
670102,Bowden Francis,bowden francis,TOR,60-day,D60,Injured 60-Day
641745,Brad Keller,brad keller,PHI,60-day,D60,Injured 60-Day
669699,Braden Shewmake,braden shewmake,HOU,7-day,D7,Injured 7-Day
703519,Brady Counsell,brady counsell,AZ,60-day,D60,Injured 60-Day
687984,Brady Hill,brady hill,WSH,7-day,D7,Injured 7-Day
805424,Brady Jones,brady jones,TB,full-season,ILF,Injured - Full Season
803067,Brady Marget,brady marget,TB,60-day,D60,Injured 60-Day
835985,Brady Miller,brady miller,NYM,60-day,D60,Injured 60-Day
806224,Brady Smith,brady smith,DET,7-day,D7,Injured 7-Day
805634,Braeden Fausnaught,braeden fausnaught,PHI,60-day,D60,Injured 60-Day
840448,Braillin Cordero,braillin cordero,CIN,60-day,D60,Injured 60-Day
656232,Brandon Bielak,brandon bielak,HOU,60-day,D60,Injured 60-Day
669361,Brandon Birdsell,brandon birdsell,CHC,60-day,D60,Injured 60-Day
687888,Brandon Walter,brandon walter,HOU,60-day,D60,Injured 60-Day
681449,Brandon White,brandon white,MIA,7-day,D7,Injured 7-Day
605540,Brandon Woodruff,brandon woodruff,MIL,60-day,D60,Injured 60-Day
821024,Branell Anderson,branell anderson,DET,60-day,D60,Injured 60-Day
677952,Braxton Ashcraft,braxton ashcraft,PIT,15-day,D15,Injured 15-Day
805703,Braxton Hyde,braxton hyde,COL,full-season,ILF,Injured - Full Season
806025,Brayden Bakes,brayden bakes,PHI,7-day,D7,Injured 7-Day
703613,Brayden Risedorph,brayden risedorph,CHC,full-season,ILF,Injured - Full Season
823182,Braylon Owens,braylon owens,MIL,7-day,D7,Injured 7-Day
828519,Braylon Whitaker,braylon whitaker,BAL,7-day,D7,Injured 7-Day
680977,Brendan Donovan,brendan donovan,SEA,7-day,D7,Injured 7-Day
663898,Brendan Rodgers,brendan rodgers,BOS,full-season,ILF,Injured - Full Season
815665,Brendan Tunink,brendan tunink,LAD,7-day,D7,Injured 7-Day
680695,Brennen Davis,brennen davis,SEA,60-day,D60,Injured 60-Day
702685,Brenner Cox,brenner cox,WSH,full-season,ILF,Injured - Full Season
667670,Brent Rooker,brent rooker,ATH,60-day,D60,Injured 60-Day
702094,Brett Gillis,brett gillis,HOU,7-day,D7,Injured 7-Day
702153,Brian Fitzpatrick,brian fitzpatrick,MIL,60-day,D60,Injured 60-Day
809137,Brian Hendry,brian hendry,NYY,60-day,D60,Injured 60-Day
830456,Brian Tiburcio,brian tiburcio,COL,60-day,D60,Injured 60-Day
687003,Brian Van Belle,brian van belle,TB,full-season,ILF,Injured - Full Season
805758,Brian Walters,brian walters,PHI,7-day,D7,Injured 7-Day
691795,Brock Selvidge,brock selvidge,NYY,full-season,ILF,Injured - Full Season
701679,Brody Brecht,brody brecht,COL,60-day,D60,Injured 60-Day
681460,Brooks Baldwin,brooks baldwin,CWS,60-day,D60,Injured 60-Day
804871,Brooks Bryan,brooks bryan,KC,60-day,D60,Injured 60-Day
827670,Brooks Fowler,brooks fowler,TEX,60-day,D60,Injured 60-Day
621139,Brooks Kriske,brooks kriske,ATH,60-day,D60,Injured 60-Day
694058,Bruno López,bruno lopez,STL,60-day,D60,Injured 60-Day
660813,Brusdar Graterol,brusdar graterol,LAD,60-day,D60,Injured 60-Day
832442,Bryan Borbon,bryan borbon,TOR,7-day,D7,Injured 7-Day
811314,Bryan Gonzalez Garcia,bryan gonzalez garcia,LAD,7-day,D7,Injured 7-Day
663773,Bryan Hoeing,bryan hoeing,SD,60-day,D60,Injured 60-Day
832440,Bryan Lara,bryan lara,LAD,60-day,D60,Injured 60-Day
800469,Bryan Rivera,bryan rivera,MIL,60-day,D60,Injured 60-Day
825926,Bryant Olson,bryant olson,WSH,full-season,ILF,Injured - Full Season
828508,Bryce Alewine,bryce alewine,DET,7-day,D7,Injured 7-Day
693821,Bryce Elder,bryce elder,ATL,15-day,D15,Injured 15-Day
700245,Bryce McGowan,bryce mcgowan,COL,full-season,ILF,Injured - Full Season
815501,Bryce Meccage,bryce meccage,MIL,60-day,D60,Injured 60-Day
669060,Bryse Wilson,bryse wilson,MIL,15-day,D15,Injured 15-Day
703657,Bryson Dudley,bryson dudley,KC,full-season,ILF,Injured - Full Season
687303,Bryson McArn,bryson mcarn,ATH,60-day,D60,Injured 60-Day
671083,Buddy Kennedy,buddy kennedy,WSH,7-day,D7,Injured 7-Day
572143,Burch Smith,burch smith,DET,60-day,D60,Injured 60-Day
621439,Byron Buxton,byron buxton,MIN,10-day,D10,Injured 10-Day
680769,CJ Alexander,cj alexander,HOU,7-day,D7,Injured 7-Day
694475,Cade Austin,cade austin,MIA,60-day,D60,Injured 60-Day
702651,Cade Fisher,cade fisher,BOS,60-day,D60,Injured 60-Day
690990,Cade Horton,cade horton,CHC,60-day,D60,Injured 60-Day
806470,Caden Bogenpohl,caden bogenpohl,PHI,7-day,D7,Injured 7-Day
807291,Caden Scarborough,caden scarborough,TEX,7-day,D7,Injured 7-Day
696488,Caedmon Parker,caedmon parker,CWS,7-day,D7,Injured 7-Day
615698,Cal Quantrill,cal quantrill,TEX,15-day,D15,Injured 15-Day
668873,Caleb Kilian,caleb kilian,PHI,60-day,D60,Injured 60-Day
701616,Caleb Lomavita,caleb lomavita,WSH,60-day,D60,Injured 60-Day
681134,Caleb Roberts,caleb roberts,MIN,full-season,ILF,Injured - Full Season
814810,Calvin Bickerstaff,calvin bickerstaff,BOS,60-day,D60,Injured 60-Day
806498,Cam Kozeal,cam kozeal,MIA,7-day,D7,Injured 7-Day
806704,Cam Tilly,cam tilly,NYM,60-day,D60,Injured 60-Day
804999,Cameron Keshock,cameron keshock,PIT,60-day,D60,Injured 60-Day
806174,Cameron Nelson,cameron nelson,COL,7-day,D7,Injured 7-Day
815133,Cameron Sisneros,cameron sisneros,HOU,7-day,D7,Injured 7-Day
824029,Cameron Sullivan,cameron sullivan,CLE,60-day,D60,Injured 60-Day
621043,Carlos Correa,carlos correa,HOU,60-day,D60,Injured 60-Day
608032,Carlos Estévez,carlos estevez,KC,60-day,D60,Injured 60-Day
843589,Carlos Guerrero,carlos guerrero,MIA,60-day,D60,Injured 60-Day
806872,Carlos Gutierrez,carlos gutierrez,BOS,7-day,D7,Injured 7-Day
700354,Carlos Marcano,carlos marcano,DET,full-season,ILF,Injured - Full Season
808102,Carlos Mateo,carlos mateo,PIT,60-day,D60,Injured 60-Day
830439,Carlos Ramirez,carlos ramirez,LAD,60-day,D60,Injured 60-Day
679857,Carlos Tavera,carlos tavera,BAL,7-day,D7,Injured 7-Day
688876,Carlos Torres,carlos torres,COL,7-day,D7,Injured 7-Day
821803,Carlos Villarroel,carlos villarroel,NYY,full-season,ILF,Injured - Full Season
687931,Carson Whisenhunt,carson whisenhunt,SF,60-day,D60,Injured 60-Day
691945,Carter Baumler,carter baumler,TEX,60-day,D60,Injured 60-Day
815150,Carter Frederick,carter frederick,KC,60-day,D60,Injured 60-Day
836075,Carter Gwost,carter gwost,PIT,60-day,D60,Injured 60-Day
692290,Carter Holton,carter holton,KC,7-day,D7,Injured 7-Day
701053,Carter Spivey,carter spivey,CLE,full-season,ILF,Injured - Full Season
695565,Casey Saucke,casey saucke,CWS,60-day,D60,Injured 60-Day
669477,Casey Schmitt,casey schmitt,SF,60-day,D60,Injured 60-Day
804523,Casey Steward,casey steward,PHI,full-season,ILF,Injured - Full Season
834954,Cash Kuiper,cash kuiper,DET,7-day,D7,Injured 7-Day
826931,Cayman Goode,cayman goode,ATL,60-day,D60,Injured 60-Day
678882,Ceddanne Rafaela,ceddanne rafaela,BOS,10-day,D10,Injured 10-Day
821009,Cesar Hernandez,cesar hernandez,HOU,7-day,D7,Injured 7-Day
595453,Chad Wallach,chad wallach,ATH,7-day,D7,Injured 7-Day
686489,Chandler Murphy,chandler murphy,TB,60-day,D60,Injured 60-Day
835646,Chang Tzu-Chun Lin,chang tzu-chun lin,MIL,full-season,ILF,Injured - Full Season
694537,Channing Austin,channing austin,NYM,60-day,D60,Injured 60-Day
805792,Charlee Soto,charlee soto,MIN,7-day,D7,Injured 7-Day
835214,Charlie Christensen,charlie christensen,DET,7-day,D7,Injured 7-Day
695482,Chase Allsup,chase allsup,BAL,full-season,ILF,Injured - Full Season
695505,Chase Burns,chase burns,CIN,15-day,D15,Injured 15-Day
694555,Chase Centala,chase centala,SEA,7-day,D7,Injured 7-Day
680774,Chase Costello,chase costello,MIL,full-season,ILF,Injured - Full Season
801403,Chase Dollander,chase dollander,COL,60-day,D60,Injured 60-Day
815792,Chase Harlan,chase harlan,LAD,7-day,D7,Injured 7-Day
800691,Chase Isbell,chase isbell,KC,full-season,ILF,Injured - Full Season
702041,Chase Renner,chase renner,MIA,60-day,D60,Injured 60-Day
807410,Chay Yeager,chay yeager,TOR,full-season,ILF,Injured - Full Season
681324,Chazz Martinez,chazz martinez,KC,full-season,ILF,Injured - Full Season
828430,Chia-Shi Shen,chia-shi shen,SEA,60-day,D60,Injured 60-Day
701360,Chris Arroyo,chris arroyo,MIA,60-day,D60,Injured 60-Day
685125,Christian Chamberlain,christian chamberlain,KC,60-day,D60,Injured 60-Day
687115,Christian Gordon,christian gordon,CHC,full-season,ILF,Injured - Full Season
809326,Christian Lopez,christian lopez,CIN,60-day,D60,Injured 60-Day
816154,Christian Oliveira,christian oliveira,LAD,60-day,D60,Injured 60-Day
700840,Christian Olivo,christian olivo,CHC,60-day,D60,Injured 60-Day
816290,Christopher Hernandez,christopher hernandez,TEX,60-day,D60,Injured 60-Day
837752,Claudio Pereira,claudio pereira,BOS,60-day,D60,Injured 60-Day
687867,Clay Dungan,clay dungan,SD,7-day,D7,Injured 7-Day
814161,Clete Hartzog,clete hartzog,CWS,60-day,D60,Injured 60-Day
814136,Clevari Tejada,clevari tejada,PIT,full-season,ILF,Injured - Full Season
826932,Cobb Hightower,cobb hightower,BAL,60-day,D60,Injured 60-Day
675989,Cody Bolton,cody bolton,HOU,7-day,D7,Injured 7-Day
689520,Cody Laweryson,cody laweryson,MIN,7-day,D7,Injured 7-Day
664074,Cody Ponce,cody ponce,TOR,60-day,D60,Injured 60-Day
814508,Colby Martin,colby martin,MIA,60-day,D60,Injured 60-Day
836174,Cole MacRae,cole macrae,HOU,60-day,D60,Injured 60-Day
800996,Cole Paplham,cole paplham,SD,full-season,ILF,Injured - Full Season
702551,Cole Phillips,cole phillips,MIL,60-day,D60,Injured 60-Day
666142,Cole Ragans,cole ragans,KC,60-day,D60,Injured 60-Day
663485,Cole Sands,cole sands,MIN,60-day,D60,Injured 60-Day
800616,Cole Schoenwetter,cole schoenwetter,CIN,full-season,ILF,Injured - Full Season
677961,Cole Wilcox,cole wilcox,SEA,15-day,D15,Injured 15-Day
668390,Cole Winn,cole winn,TEX,60-day,D60,Injured 60-Day
689878,Colin Burgess,colin burgess,ATL,7-day,D7,Injured 7-Day
824763,Colin Daniel,colin daniel,ATL,60-day,D60,Injured 60-Day
670059,Colin Holderman,colin holderman,CLE,15-day,D15,Injured 15-Day
681882,Colin Selby,colin selby,BAL,60-day,D60,Injured 60-Day
800961,Collin Rothermel,collin rothermel,AZ,full-season,ILF,Injured - Full Season
806068,Colt Emerson,colt emerson,SEA,60-day,D60,Injured 60-Day
822795,Colton Book,colton book,CHC,full-season,ILF,Injured - Full Season
813349,Connelly Early,connelly early,WSH,60-day,D60,Injured 60-Day
811172,Conner Ware,conner ware,NYM,7-day,D7,Injured 7-Day
694829,Connor Burns,connor burns,CIN,60-day,D60,Injured 60-Day
687362,Connor Gillispie,connor gillispie,PHI,full-season,ILF,Injured - Full Season
663731,Connor Kaiser,connor kaiser,KC,60-day,D60,Injured 60-Day
835024,Connor Knox,connor knox,CHC,full-season,ILF,Injured - Full Season
657756,Connor Seabold,connor seabold,KC,60-day,D60,Injured 60-Day
824606,Connor Spencer,connor spencer,CHC,full-season,ILF,Injured - Full Season
656686,Corbin Martin,corbin martin,CHC,7-day,D7,Injured 7-Day
687144,Corey Joyce,corey joyce,TEX,7-day,D7,Injured 7-Day
696505,Cory Wall,cory wall,ATL,60-day,D60,Injured 60-Day
691441,Cristian Mena,cristian mena,AZ,60-day,D60,Injured 60-Day
839710,Cristopher Del Orbe,cristopher del orbe,NYM,60-day,D60,Injured 60-Day
703479,Cullen McKay,cullen mckay,LAD,60-day,D60,Injured 60-Day
805222,Curtis Hebert,curtis hebert,HOU,7-day,D7,Injured 7-Day
678554,Curtis Mead,curtis mead,BOS,10-day,D10,Injured 10-Day
690944,Curtis Washington Jr.,curtis washington jr,SEA,60-day,D60,Injured 60-Day
687221,Dalton Rushing,dalton rushing,LAD,10-day,D10,Injured 10-Day
821092,Dalvinson Reyes,dalvinson reyes,BOS,60-day,D60,Injured 60-Day
812944,Danandres Colon,danandres colon,DET,60-day,D60,Injured 60-Day
686769,Dane Acker,dane acker,TEX,60-day,D60,Injured 60-Day
834568,Daniel De La Cruz,daniel de la cruz,TOR,7-day,D7,Injured 7-Day
650960,Daniel Duarte,daniel duarte,NYM,15-day,D15,Injured 15-Day
681463,Daniel Lloyd,daniel lloyd,BAL,60-day,D60,Injured 60-Day
627392,Daniel Missaki,daniel missaki,TEX,full-season,ILF,Injured - Full Season
828084,Daniel Pierce,daniel pierce,TB,60-day,D60,Injured 60-Day
642016,Daniel Robert,daniel robert,PHI,full-season,ILF,Injured - Full Season
838102,Daniel Rodriguez,daniel rodriguez,SD,60-day,D60,Injured 60-Day
691740,Daniel Susac,daniel susac,SF,60-day,D60,Injured 60-Day
672550,Danis Correa,danis correa,NYM,7-day,D7,Injured 7-Day
800493,Danny Hilario,danny hilario,TB,full-season,ILF,Injured - Full Season
809059,Danny Macchiarola,danny macchiarola,SEA,7-day,D7,Injured 7-Day
815855,Darian Rivero,darian rivero,CHC,60-day,D60,Injured 60-Day
829771,Darling Perez,darling perez,NYM,60-day,D60,Injured 60-Day
829989,Darling Valencio,darling valencio,BAL,60-day,D60,Injured 60-Day
821188,Darrel Lunar,darrel lunar,WSH,full-season,ILF,Injured - Full Season
835663,Darwin Roa,darwin roa,PIT,60-day,D60,Injured 60-Day
801270,Darwin Rodriguez,darwin rodriguez,MIA,full-season,ILF,Injured - Full Season
807485,Davian Garcia,davian garcia,WSH,full-season,ILF,Injured - Full Season
701581,David Festa,david festa,MIN,60-day,D60,Injured 60-Day
703330,David Rodriguez,david rodriguez,KC,60-day,D60,Injured 60-Day
701336,Davion Hickson,davion hickson,LAD,full-season,ILF,Injured - Full Season
823803,Davis Chastain,davis chastain,LAD,7-day,D7,Injured 7-Day
828523,Dawson Price,dawson price,DET,full-season,ILF,Injured - Full Season
826150,Dayne Pengelly,dayne pengelly,TOR,full-season,ILF,Injured - Full Season
686539,Declan Cronin,declan cronin,TEX,60-day,D60,Injured 60-Day
829060,Deivid Coronil,deivid coronil,SD,60-day,D60,Injured 60-Day
811765,Deniel Ortiz,deniel ortiz,STL,7-day,D7,Injured 7-Day
808348,Denny Lima,denny lima,CWS,full-season,ILF,Injured - Full Season
833410,Denton Biller,denton biller,BAL,60-day,D60,Injured 60-Day
827613,Derek Datil,derek datil,TB,full-season,ILF,Injured - Full Season
689223,Derek True,derek true,HOU,7-day,D7,Injured 7-Day
689433,Derrick Edington,derrick edington,TB,60-day,D60,Injured 60-Day
805003,Derrick Smith,derrick smith,COL,full-season,ILF,Injured - Full Season
642207,Devin Williams,devin williams,NYM,15-day,D15,Injured 15-Day
700345,Deyer Zapata,deyer zapata,AZ,full-season,ILF,Injured - Full Season
660636,Diego Castillo,diego castillo,TEX,7-day,D7,Injured 7-Day
829806,Diego Godoy,diego godoy,MIA,full-season,ILF,Injured - Full Season
829865,Diego Munoz,diego munoz,CIN,60-day,D60,Injured 60-Day
837835,Diego Paez,diego paez,LAD,60-day,D60,Injured 60-Day
835315,Diego Serna,diego serna,SD,60-day,D60,Injured 60-Day
837818,Diego Trillo,diego trillo,MIL,7-day,D7,Injured 7-Day
816403,Dilan Fernandez,dilan fernandez,SF,60-day,D60,Injured 60-Day
837802,Diony Brujan,diony brujan,KC,60-day,D60,Injured 60-Day
806270,Dominic Perachi,dominic perachi,PIT,full-season,ILF,Injured - Full Season
695046,Drew Brutcher,drew brutcher,HOU,60-day,D60,Injured 60-Day
694647,Drew Dowd,drew dowd,TB,full-season,ILF,Injured - Full Season
702656,Drew Faurot,drew faurot,MIA,full-season,ILF,Injured - Full Season
695645,Drew Gray,drew gray,CHC,60-day,D60,Injured 60-Day
686452,Drew Millas,drew millas,WSH,60-day,D60,Injured 60-Day
669439,Drew Swift,drew swift,ATH,7-day,D7,Injured 7-Day
805587,Drew Wyers,drew wyers,HOU,7-day,D7,Injured 7-Day
804603,Duncan Pastore,duncan pastore,NYY,60-day,D60,Injured 60-Day
827721,Dylan Tate,dylan tate,LAD,full-season,ILF,Injured - Full Season
700188,Dylan Tebrake,dylan tebrake,WSH,60-day,D60,Injured 60-Day
814346,Dylan Watts,dylan watts,TOR,60-day,D60,Injured 60-Day
831560,Easton Marks,easton marks,COL,7-day,D7,Injured 7-Day
815535,Eddie Rynders,eddie rynders,PIT,60-day,D60,Injured 60-Day
803251,Eddy Felix,eddy felix,DET,60-day,D60,Injured 60-Day
821821,Edelvis Perez,edelvis perez,CLE,60-day,D60,Injured 60-Day
833480,Edgar Lugo,edgar lugo,CIN,60-day,D60,Injured 60-Day
807756,Edgar Moreta,edgar moreta,NYM,60-day,D60,Injured 60-Day
691341,Edgar Portes,edgar portes,BAL,full-season,ILF,Injured - Full Season
673747,Edgar Sanchez,edgar sanchez,ATH,60-day,D60,Injured 60-Day
683618,Edgardo Henriquez,edgardo henriquez,LAD,15-day,D15,Injured 15-Day
695745,Edgardo Villegas,edgardo villegas,TOR,full-season,ILF,Injured - Full Season
814297,Edgleen Perez,edgleen perez,PIT,60-day,D60,Injured 60-Day
807995,Eduar Gonzalez,eduar gonzalez,TOR,full-season,ILF,Injured - Full Season
815924,Eduardo Beltre,eduardo beltre,MIN,full-season,ILF,Injured - Full Season
700842,Eduardo Rivera,eduardo rivera,BOS,60-day,D60,Injured 60-Day
815928,Edward Lantigua,edward lantigua,NYM,60-day,D60,Injured 60-Day
829396,Edwin Pena,edwin pena,COL,60-day,D60,Injured 60-Day
670955,Edwin Uceta,edwin uceta,TB,60-day,D60,Injured 60-Day
830398,Elaineiker Coronado,elaineiker coronado,TOR,7-day,D7,Injured 7-Day
690716,Eli Ankeney,eli ankeney,NYM,full-season,ILF,Injured - Full Season
801796,Eli Jones,eli jones,MIN,60-day,D60,Injured 60-Day
681871,Eli Villalobos,eli villalobos,SD,full-season,ILF,Injured - Full Season
642201,Eli White,eli white,BOS,10-day,D10,Injured 10-Day
829732,Eliezer Lucena,eliezer lucena,MIN,60-day,D60,Injured 60-Day
820857,Eligio Arias,eligio arias,PHI,60-day,D60,Injured 60-Day
663503,Elih Marrero,elih marrero,KC,7-day,D7,Injured 7-Day
688145,Elijah Dale,elijah dale,SEA,60-day,D60,Injured 60-Day
693176,Elison Joseph,elison joseph,ATL,60-day,D60,Injured 60-Day
821640,Elkyns Villarreal,elkyns villarreal,SF,7-day,D7,Injured 7-Day
805983,Elvin Jimenez,elvin jimenez,MIA,full-season,ILF,Injured - Full Season
665625,Elvis Peguero,elvis peguero,BAL,full-season,ILF,Injured - Full Season
836058,Ely Brown,ely brown,CWS,7-day,D7,Injured 7-Day
676106,Emerson Hancock,emerson hancock,SEA,15-day,D15,Injured 15-Day
830478,Emilio Payro,emilio payro,HOU,60-day,D60,Injured 60-Day
800484,Eminen Flores,eminen flores,TOR,60-day,D60,Injured 60-Day
834801,Emmanuel Polo,emmanuel polo,SD,60-day,D60,Injured 60-Day
682848,Endy Rodríguez,endy rodriguez,PIT,60-day,D60,Injured 60-Day
843410,Enmanuel Rosas,enmanuel rosas,PIT,7-day,D7,Injured 7-Day
808308,Enniel Cortez,enniel cortez,MIL,7-day,D7,Injured 7-Day
806992,Enrique Jimenez,enrique jimenez,MIN,60-day,D60,Injured 60-Day
660853,Enyel De Los Santos,enyel de los santos,HOU,15-day,D15,Injured 15-Day
814546,Eriandys Ramon,eriandys ramon,CHC,60-day,D60,Injured 60-Day
687521,Eric Brown Jr.,eric brown jr,MIL,7-day,D7,Injured 7-Day
823759,Eric Genther,eric genther,NYY,7-day,D7,Injured 7-Day
641778,Eric Lauer,eric lauer,LAD,60-day,D60,Injured 60-Day
832227,Eric Lin,eric lin,TB,full-season,ILF,Injured - Full Season
823793,Eric Loomis,eric loomis,TEX,7-day,D7,Injured 7-Day
684081,Erick Brito,erick brito,PHI,60-day,D60,Injured 60-Day
837602,Erick Encarnacion,erick encarnacion,ATH,60-day,D60,Injured 60-Day
829913,Erick Hernandez,erick hernandez,CHC,60-day,D60,Injured 60-Day
807791,Erick Reynoso,erick reynoso,AZ,7-day,D7,Injured 7-Day
699013,Esmerlyn Valdez,esmerlyn valdez,PIT,10-day,D10,Injured 10-Day
807759,Estarling Mercado,estarling mercado,NYM,full-season,ILF,Injured - Full Season
829872,Esteban Castro,esteban castro,HOU,60-day,D60,Injured 60-Day
691416,Esteban González,esteban gonzalez,CLE,7-day,D7,Injured 7-Day
803290,Estevan Moreno,estevan moreno,SEA,7-day,D7,Injured 7-Day
834575,Eston Stull,eston stull,MIN,60-day,D60,Injured 60-Day
815626,Ethan Bagwell,ethan bagwell,ATL,7-day,D7,Injured 7-Day
694839,Ethan Chenault,ethan chenault,PHI,full-season,ILF,Injured - Full Season
701579,Ethan Flanagan,ethan flanagan,CHC,7-day,D7,Injured 7-Day
703676,Ethan Frey,ethan frey,HOU,7-day,D7,Injured 7-Day
815787,Ethan Holliday,ethan holliday,COL,60-day,D60,Injured 60-Day
690994,Ethan Long,ethan long,SD,full-season,ILF,Injured - Full Season
701240,Ethan Routzahn,ethan routzahn,SD,7-day,D7,Injured 7-Day
815162,Ethan Schiefelbein,ethan schiefelbein,DET,full-season,ILF,Injured - Full Season
825334,Ethan Wagner,ethan wagner,HOU,60-day,D60,Injured 60-Day
809767,Evan Aschenbeck,evan aschenbeck,CHC,full-season,ILF,Injured - Full Season
687145,Evan Justice,evan justice,COL,60-day,D60,Injured 60-Day
679928,Evan McKendry,evan mckendry,MIA,60-day,D60,Injured 60-Day
677592,Everson Pereira,everson pereira,STL,10-day,D10,Injured 10-Day
820898,Fabian Soto,fabian soto,LAA,full-season,ILF,Injured - Full Season
835618,Fausto Barreras,fausto barreras,MIL,60-day,D60,Injured 60-Day
834248,Felipe Hernandez,felipe hernandez,NYY,60-day,D60,Injured 60-Day
678743,Felix Cepeda,felix cepeda,NYM,60-day,D60,Injured 60-Day
694025,Felix Reyes,felix reyes,PHI,60-day,D60,Injured 60-Day
829885,Felix Tapia,felix tapia,LAA,full-season,ILF,Injured - Full Season
806958,Felnin Celesten,felnin celesten,SEA,7-day,D7,Injured 7-Day
518585,Fernando Cruz,fernando cruz,NYY,15-day,D15,Injured 15-Day
815890,Fernando Cruz,fernando cruz,CHC,60-day,D60,Injured 60-Day
808699,Fernando De La Rosa,fernando de la rosa,MIA,60-day,D60,Injured 60-Day
837673,Fernando Triana,fernando triana,PIT,7-day,D7,Injured 7-Day
682863,Francis Rivera,francis rivera,COL,7-day,D7,Injured 7-Day
672696,Francisco Acuna,francisco acuna,SD,7-day,D7,Injured 7-Day
828625,Francisco De Sala,francisco de sala,DET,60-day,D60,Injured 60-Day
806621,Francisco Perez,francisco perez,TEX,60-day,D60,Injured 60-Day
805273,Frank Camarillo,frank camarillo,NYM,full-season,ILF,Injured - Full Season
800471,Franyer Herrera,franyer herrera,NYY,7-day,D7,Injured 7-Day
800508,Franyerber Montilla,franyerber montilla,DET,full-season,ILF,Injured - Full Season
829891,Freddy Ramos,freddy ramos,HOU,60-day,D60,Injured 60-Day
703175,Freili Encarnacion,freili encarnacion,BOS,60-day,D60,Injured 60-Day
673945,Freuddy Batista,freuddy batista,HOU,7-day,D7,Injured 7-Day
700582,Gabe Craig,gabe craig,PHI,7-day,D7,Injured 7-Day
694784,Gabe Starks,gabe starks,CIN,full-season,ILF,Injured - Full Season
834872,Gabel Pentecost,gabel pentecost,HOU,full-season,ILF,Injured - Full Season
836565,Gabriel Ollarves,gabriel ollarves,SD,full-season,ILF,Injured - Full Season
694050,Gabriel Reyes,gabriel reyes,DET,60-day,D60,Injured 60-Day
814515,Gage Boehm,gage boehm,SEA,full-season,ILF,Injured - Full Season
695611,Gage Jump,gage jump,ATH,15-day,D15,Injured 15-Day
696148,Garrett Burhenn,garrett burhenn,DET,full-season,ILF,Injured - Full Season
664076,Garrett Cleavinger,garrett cleavinger,TB,15-day,D15,Injured 15-Day
676979,Garrett Crochet,garrett crochet,BOS,60-day,D60,Injured 60-Day
701718,Garrett Horn,garrett horn,MIN,60-day,D60,Injured 60-Day
682003,Garrett Martin,garrett martin,NYY,full-season,ILF,Injured - Full Season
804582,Garrett McMillan,garrett mcmillan,PIT,60-day,D60,Injured 60-Day
693243,Garrett Pennington,garrett pennington,DET,60-day,D60,Injured 60-Day
696491,Gavin Bruni,gavin bruni,WSH,7-day,D7,Injured 7-Day
668970,Gavin Hollowell,gavin hollowell,CHC,15-day,D15,Injured 15-Day
666158,Gavin Lux,gavin lux,TB,60-day,D60,Injured 60-Day
657757,Gavin Sheets,gavin sheets,SD,10-day,D10,Injured 10-Day
694813,Gavin Stone,gavin stone,LAD,60-day,D60,Injured 60-Day
691946,George Klassen,george klassen,LAA,15-day,D15,Injured 15-Day
805804,George Wolkow,george wolkow,CWS,7-day,D7,Injured 7-Day
830979,Georwill Rodriguez,georwill rodriguez,NYM,60-day,D60,Injured 60-Day
685712,Geovanny Planchart,geovanny planchart,TOR,60-day,D60,Injured 60-Day
690455,German Fajardo,german fajardo,SEA,full-season,ILF,Injured - Full Season
519317,Giancarlo Stanton,giancarlo stanton,NYY,60-day,D60,Injured 60-Day
806923,Gijs Van Den Brink,gijs van den brink,KC,60-day,D60,Injured 60-Day
821064,Gilbel Galvan,gilbel galvan,BOS,60-day,D60,Injured 60-Day
821595,Gilberto Lopez,gilberto lopez,TEX,full-season,ILF,Injured - Full Season
829724,Giomar Ubiera,giomar ubiera,NYM,60-day,D60,Injured 60-Day
692755,Grabiel Salazar,grabiel salazar,BAL,full-season,ILF,Injured - Full Season
681982,Grant Anderson,grant anderson,MIL,15-day,D15,Injured 15-Day
694840,Grant Knipp,grant knipp,SEA,7-day,D7,Injured 7-Day
824015,Grant Manning,grant manning,WSH,full-season,ILF,Injured - Full Season
824415,Grant Shepardson,grant shepardson,MIA,60-day,D60,Injured 60-Day
675659,Greg Jones,greg jones,CHC,7-day,D7,Injured 7-Day
816287,Gregori Arrieche,gregori arrieche,SEA,60-day,D60,Injured 60-Day
821606,Gregory Amarante,gregory amarante,DET,60-day,D60,Injured 60-Day
821146,Greyson Gimenez,greyson gimenez,WSH,60-day,D60,Injured 60-Day
702976,Griffin Hugus,griffin hugus,SEA,full-season,ILF,Injured - Full Season
827437,Griffin Tobias,griffin tobias,MIL,full-season,ILF,Injured - Full Season
680684,Gunnar Hoglund,gunnar hoglund,ATH,60-day,D60,Injured 60-Day
672569,Gustavo Campero,gustavo campero,LAA,10-day,D10,Injured 10-Day
683020,Gustavo Rodriguez,gustavo rodriguez,ATH,7-day,D7,Injured 7-Day
829061,Haritzon Castillo,haritzon castillo,MIN,60-day,D60,Injured 60-Day
825247,Harlin Naut,harlin naut,BAL,full-season,ILF,Injured - Full Season
808339,Harold Gonzalez,harold gonzalez,LAD,60-day,D60,Injured 60-Day
664056,Harrison Bader,harrison bader,SF,60-day,D60,Injured 60-Day
801653,Harrison Kreiling,harrison kreiling,BAL,7-day,D7,Injured 7-Day
806185,Hayden Birdsong,hayden birdsong,SF,60-day,D60,Injured 60-Day
702259,Hayden Murphy,hayden murphy,AZ,60-day,D60,Injured 60-Day
805988,Hayden Nierman,hayden nierman,BAL,full-season,ILF,Injured - Full Season
688274,Hayden Seig,hayden seig,LAA,60-day,D60,Injured 60-Day
838515,Hector Cancio,hector cancio,NYY,60-day,D60,Injured 60-Day
800540,Hector Osorio,hector osorio,TEX,7-day,D7,Injured 7-Day
691616,Hedbert Perez,hedbert perez,TOR,7-day,D7,Injured 7-Day
816091,Henderson Salas,henderson salas,DET,60-day,D60,Injured 60-Day
814822,Henry Ford,henry ford,SEA,7-day,D7,Injured 7-Day
808889,Henry Moreno,henry moreno,WSH,60-day,D60,Injured 60-Day
803349,Herick Hernandez,herick hernandez,ATL,7-day,D7,Injured 7-Day
829695,Hernan Mejia,hernan mejia,WSH,60-day,D60,Injured 60-Day
702965,Hiro Wyatt,hiro wyatt,KC,60-day,D60,Injured 60-Day
804546,Hoss Brewer,hoss brewer,NYM,60-day,D60,Injured 60-Day
829622,Hunter Allen,hunter allen,BAL,full-season,ILF,Injured - Full Season
675450,Hunter Cranton,hunter cranton,AZ,60-day,D60,Injured 60-Day
690928,Hunter Dobbins,hunter dobbins,STL,15-day,D15,Injured 15-Day
668881,Hunter Greene,hunter greene,CIN,60-day,D60,Injured 60-Day
640451,Hunter Harvey,hunter harvey,CHC,60-day,D60,Injured 60-Day
804592,Hunter Hoopes,hunter hoopes,MIN,60-day,D60,Injured 60-Day
702610,Ike Irish,ike irish,BAL,7-day,D7,Injured 7-Day
806190,Isaac Coffey,isaac coffey,BOS,60-day,D60,Injured 60-Day
676755,Isaac Mattson,isaac mattson,PIT,15-day,D15,Injured 15-Day
814819,Isaac Morton,isaac morton,CHC,full-season,ILF,Injured - Full Season
809138,Isaac Stebens,isaac stebens,BOS,full-season,ILF,Injured - Full Season
694549,Isaiah Coupet,isaiah coupet,COL,7-day,D7,Injured 7-Day
694722,Isaiah Jackson,isaiah jackson,KC,60-day,D60,Injured 60-Day
830612,Ivan Pacheco,ivan pacheco,LAD,60-day,D60,Injured 60-Day
809100,Ixan Henderson,ixan henderson,STL,60-day,D60,Injured 60-Day
806094,Izack Tiger,izack tiger,TEX,7-day,D7,Injured 7-Day
656266,J.B. Bukauskas,jb bukauskas,MIL,60-day,D60,Injured 60-Day
836169,J.D. Hennen,jd hennen,BAL,full-season,ILF,Injured - Full Season
669372,J.T. Ginn,jt ginn,ATH,15-day,D15,Injured 15-Day
822477,JB Middleton,jb middleton,COL,full-season,ILF,Injured - Full Season
664141,JT Brubaker,jt brubaker,SF,10-day,D10,Injured 10-Day
690957,Jace Bohrofen,jace bohrofen,TOR,60-day,D60,Injured 60-Day
827392,Jace Hampson,jace hampson,NYM,full-season,ILF,Injured - Full Season
700978,Jace Kaminska,jace kaminska,MIN,full-season,ILF,Injured - Full Season
699491,Jack Dougherty,jack dougherty,MIN,full-season,ILF,Injured - Full Season
656427,Jack Flaherty,jack flaherty,DET,15-day,D15,Injured 15-Day
828774,Jack Hostetler,jack hostetler,MIL,60-day,D60,Injured 60-Day
694815,Jack Hurley,jack hurley,AZ,60-day,D60,Injured 60-Day
832307,Jack Kartsonas,jack kartsonas,TB,60-day,D60,Injured 60-Day
686799,Jack Kochanowicz,jack kochanowicz,LAA,60-day,D60,Injured 60-Day
683004,Jack Leiter,jack leiter,TEX,60-day,D60,Injured 60-Day
680823,Jack Mahoney,jack mahoney,ATH,60-day,D60,Injured 60-Day
694968,Jack Mahoney,jack mahoney,COL,7-day,D7,Injured 7-Day
680891,Jack Neely,jack neely,CHC,full-season,ILF,Injured - Full Season
802599,Jack Penney,jack penney,DET,full-season,ILF,Injured - Full Season
801442,Jack Pineda,jack pineda,KC,7-day,D7,Injured 7-Day
821707,Jack Scott,jack scott,COL,60-day,D60,Injured 60-Day
813400,Jack Winnay,jack winnay,BOS,7-day,D7,Injured 7-Day
838115,Jackson Bergman,jackson bergman,CWS,full-season,ILF,Injured - Full Season
702616,Jackson Holliday,jackson holliday,BAL,10-day,D10,Injured 10-Day
663804,Jackson Kowar,jackson kowar,BAL,full-season,ILF,Injured - Full Season
694461,Jackson Smeltz,jackson smeltz,SD,60-day,D60,Injured 60-Day
693527,Jacob Denner,jacob denner,SEA,full-season,ILF,Injured - Full Season
825757,Jacob Remily,jacob remily,CLE,60-day,D60,Injured 60-Day
814435,Jacob Sharp,jacob sharp,TOR,60-day,D60,Injured 60-Day
802138,Jacob Watters,jacob watters,TB,60-day,D60,Injured 60-Day
805779,Jacob Wilson,jacob wilson,ATH,60-day,D60,Injured 60-Day
811290,Jaden Hamm,jaden hamm,DET,60-day,D60,Injured 60-Day
802243,Jaiker Garcia,jaiker garcia,PIT,60-day,D60,Injured 60-Day
665856,Jair Camargo,jair camargo,ATL,7-day,D7,Injured 7-Day
801260,Jairo Diaz,jairo diaz,CHC,full-season,ILF,Injured - Full Season
814005,Jake Bloss,jake bloss,TOR,60-day,D60,Injured 60-Day
664776,Jake Cousins,jake cousins,LAD,60-day,D60,Injured 60-Day
801413,Jake Fitzgibbons,jake fitzgibbons,AZ,full-season,ILF,Injured - Full Season
804113,Jake Hunter,jake hunter,MIN,60-day,D60,Injured 60-Day
802409,Jake Madden,jake madden,COL,60-day,D60,Injured 60-Day
669449,Jake Palisch,jake palisch,CWS,7-day,D7,Injured 7-Day
835657,Jake Shelagowski,jake shelagowski,STL,60-day,D60,Injured 60-Day
809915,Jakob Wright,jakob wright,LAD,60-day,D60,Injured 60-Day
656222,Jalen Beeks,jalen beeks,TEX,60-day,D60,Injured 60-Day
815003,Jalvin Arias,jalvin arias,PHI,full-season,ILF,Injured - Full Season
806067,James Ellwanger,james ellwanger,MIN,full-season,ILF,Injured - Full Season
663704,James McArthur,james mcarthur,KC,60-day,D60,Injured 60-Day
833397,James Quinn-Irons,james quinn-irons,TB,60-day,D60,Injured 60-Day
592791,Jameson Taillon,jameson taillon,TOR,15-day,D15,Injured 15-Day
701364,Jamie Arnold,jamie arnold,ATH,7-day,D7,Injured 7-Day
800306,Jansel Luis,jansel luis,AZ,7-day,D7,Injured 7-Day
689042,Jared Karros,jared karros,LAD,60-day,D60,Injured 60-Day
814791,Jared Sundstrom,jared sundstrom,SEA,7-day,D7,Injured 7-Day
676724,Jared Young,jared young,NYM,7-day,D7,Injured 7-Day
820955,Jaset Martinez,jaset martinez,CIN,60-day,D60,Injured 60-Day
592094,Jason Adam,jason adam,SD,60-day,D60,Injured 60-Day
827753,Jason Alvarez,jason alvarez,TEX,60-day,D60,Injured 60-Day
641511,Jason Delay,jason delay,BOS,7-day,D7,Injured 7-Day
822503,Jason Doktorczyk,jason doktorczyk,MIN,60-day,D60,Injured 60-Day
814710,Jason Woodward,jason woodward,MIL,7-day,D7,Injured 7-Day
813891,Jatnk Diaz,jatnk diaz,DET,60-day,D60,Injured 60-Day
694495,Javen Coleman,javen coleman,TOR,7-day,D7,Injured 7-Day
829907,Javier Rodriguez,javier rodriguez,LAA,full-season,ILF,Injured - Full Season
680890,Jax Biggers,jax biggers,HOU,60-day,D60,Injured 60-Day
826941,Jaxon Dalena,jaxon dalena,SD,60-day,D60,Injured 60-Day
823295,Jay Thomason,jay thomason,MIN,7-day,D7,Injured 7-Day
696276,Jay Woolfolk,jay woolfolk,ATL,full-season,ILF,Injured - Full Season
814511,Jaylen Paden,jaylen paden,ATL,60-day,D60,Injured 60-Day
682144,Jayvien Sandridge,jayvien sandridge,BAL,60-day,D60,Injured 60-Day
665862,Jazz Chisholm Jr.,jazz chisholm jr,NYY,10-day,D10,Injured 10-Day
837737,Jean Nino,jean nino,COL,60-day,D60,Injured 60-Day
600869,Jeimer Candelario,jeimer candelario,LAA,7-day,D7,Injured 7-Day
669093,Jeremiah Estrada,jeremiah estrada,SD,15-day,D15,Injured 15-Day
828702,Jeremy Cano,jeremy cano,DET,60-day,D60,Injured 60-Day
808512,Jeremy Reyes,jeremy reyes,ATL,60-day,D60,Injured 60-Day
701747,Jessada Brown,jessada brown,MIA,60-day,D60,Injured 60-Day
808222,Jesus Flores,jesus flores,MIL,60-day,D60,Injured 60-Day
694188,Jesus Galiz,jesus galiz,LAD,full-season,ILF,Injured - Full Season
834973,Jesus Gomez,jesus gomez,MIN,60-day,D60,Injured 60-Day
805052,Jesus Lopez,jesus lopez,TEX,60-day,D60,Injured 60-Day
703880,Jesus Martinez,jesus martinez,LAA,60-day,D60,Injured 60-Day
828435,Jesus Montiel,jesus montiel,PHI,60-day,D60,Injured 60-Day
683679,Jesus Rodriguez,jesus rodriguez,SF,60-day,D60,Injured 60-Day
622786,Jesus Tinoco,jesus tinoco,MIA,full-season,ILF,Injured - Full Season
821174,Jesus Travieso,jesus travieso,PIT,60-day,D60,Injured 60-Day
666200,Jesús Luzardo,jesus luzardo,PHI,15-day,D15,Injured 15-Day
702518,Jett Williams,jett williams,MIL,7-day,D7,Injured 7-Day
829974,Jhonger Ochoa,jhonger ochoa,DET,full-season,ILF,Injured - Full Season
840851,Jhordy Ciriaco,jhordy ciriaco,MIN,60-day,D60,Injured 60-Day
837849,Jhostin Berroa,jhostin berroa,BAL,7-day,D7,Injured 7-Day
678225,Jihwan Bae,jihwan bae,MIL,60-day,D60,Injured 60-Day
702460,Jimmy Joyce,jimmy joyce,SEA,60-day,D60,Injured 60-Day
700675,Jimmy Kingsbury,jimmy kingsbury,SEA,7-day,D7,Injured 7-Day
826142,JoJo Jackson,jojo jackson,NYY,60-day,D60,Injured 60-Day
680933,Joander Suarez,joander suarez,NYM,full-season,ILF,Injured - Full Season
641729,Joe Jiménez,joe jimenez,ATL,60-day,D60,Injured 60-Day
605397,Joe Musgrove,joe musgrove,SD,60-day,D60,Injured 60-Day
809898,Joe Ruzicka,joe ruzicka,DET,full-season,ILF,Injured - Full Season
807819,Joel Garcia,joel garcia,MIN,60-day,D60,Injured 60-Day
837627,Joel Gonzalez,joel gonzalez,SD,60-day,D60,Injured 60-Day
827445,Joel Lara,joel lara,NYM,7-day,D7,Injured 7-Day
666711,Joel Peguero,joel peguero,SF,60-day,D60,Injured 60-Day
811275,Joel Sarver,joel sarver,AZ,60-day,D60,Injured 60-Day
663698,Joey Bart,joey bart,CWS,10-day,D10,Injured 10-Day
690972,Joey Dixon,joey dixon,HOU,60-day,D60,Injured 60-Day
804123,Joey Volini,joey volini,MIA,7-day,D7,Injured 7-Day
666214,Joey Wentz,joey wentz,ATL,60-day,D60,Injured 60-Day
825633,Johan Calcano,johan calcano,AZ,60-day,D60,Injured 60-Day
670912,Johan Oviedo,johan oviedo,BOS,60-day,D60,Injured 60-Day
679032,Johan Rojas,johan rojas,PHI,60-day,D60,Injured 60-Day
837758,Johander Barrios,johander barrios,COL,60-day,D60,Injured 60-Day
829282,Johandry Ramirez,johandry ramirez,MIL,60-day,D60,Injured 60-Day
802609,John Michael Bertrand,john michael bertrand,SF,full-season,ILF,Injured - Full Season
828333,John Smith III,john smith iii,NYM,7-day,D7,Injured 7-Day
809945,Jonah Advincula,jonah advincula,CLE,7-day,D7,Injured 7-Day
806048,Jonah Conradt,jonah conradt,WSH,full-season,ILF,Injured - Full Season
682729,Jonatan Clase,jonatan clase,TOR,60-day,D60,Injured 60-Day
837179,Jonathan Durantt,jonathan durantt,ATH,60-day,D60,Injured 60-Day
822499,Jonathan Gonzalez,jonathan gonzalez,PHI,60-day,D60,Injured 60-Day
669169,Jonathan Heasley,jonathan heasley,TB,60-day,D60,Injured 60-Day
834738,Jonathan Hechavarria,jonathan hechavarria,ATL,60-day,D60,Injured 60-Day
663697,Jonathan India,jonathan india,KC,60-day,D60,Injured 60-Day
808159,Jonathan Martinez,jonathan martinez,CLE,7-day,D7,Injured 7-Day
828716,Jonathan Stevens,jonathan stevens,MIN,7-day,D7,Injured 7-Day
673929,Jordan Leasure,jordan leasure,CWS,60-day,D60,Injured 60-Day
837609,Jordan Perez,jordan perez,SD,60-day,D60,Injured 60-Day
676059,Jordan Westburg,jordan westburg,BAL,60-day,D60,Injured 60-Day
808720,Jordany Chirinos,jordany chirinos,CWS,full-season,ILF,Injured - Full Season
837946,Jordany Del Orbe,jordany del orbe,SD,60-day,D60,Injured 60-Day
700305,Jorge De Leon,jorge de leon,NYM,60-day,D60,Injured 60-Day
832062,Jorge Miranda,jorge miranda,PHI,60-day,D60,Injured 60-Day
593871,Jorge Polanco,jorge polanco,NYM,60-day,D60,Injured 60-Day
800423,Jorger Petri,jorger petri,DET,full-season,ILF,Injured - Full Season
821193,Josdanner Suarez,josdanner suarez,AZ,full-season,ILF,Injured - Full Season
800434,Jose Alpuria,jose alpuria,AZ,7-day,D7,Injured 7-Day
829418,Jose Alvarado,jose alvarado,TEX,60-day,D60,Injured 60-Day
840339,Jose Alvarez,jose alvarez,TOR,7-day,D7,Injured 7-Day
822246,Jose Briceno,jose briceno,PHI,60-day,D60,Injured 60-Day
837980,Jose Cordova,jose cordova,TEX,full-season,ILF,Injured - Full Season
692030,Jose Corniell,jose corniell,TEX,60-day,D60,Injured 60-Day
831981,Jose De La Rosa,jose de la rosa,SF,60-day,D60,Injured 60-Day
691410,Jose Devers,jose devers,CLE,60-day,D60,Injured 60-Day
820988,Jose Dickson,jose dickson,DET,60-day,D60,Injured 60-Day
808243,Jose Feliz,jose feliz,WSH,60-day,D60,Injured 60-Day
829258,Jose Gabriel Torres,jose gabriel torres,SEA,7-day,D7,Injured 7-Day
832717,Jose Lavagnino,jose lavagnino,NYY,60-day,D60,Injured 60-Day
828372,Jose Lopez,jose lopez,NYM,60-day,D60,Injured 60-Day
815336,Jose Meza,jose meza,SF,7-day,D7,Injured 7-Day
699276,Jose Olivares,jose olivares,MIN,7-day,D7,Injured 7-Day
823886,Jose Ortega,jose ortega,SD,60-day,D60,Injured 60-Day
815899,Jose Perdomo,jose perdomo,ATL,full-season,ILF,Injured - Full Season
814219,Jose Regalado,jose regalado,PIT,full-season,ILF,Injured - Full Season
835617,Jose Taveras,jose taveras,LAD,7-day,D7,Injured 7-Day
683165,Joseph King,joseph king,STL,60-day,D60,Injured 60-Day
702477,Joseph Montalvo,joseph montalvo,DET,60-day,D60,Injured 60-Day
813896,Joseph Sullivan,joseph sullivan,HOU,60-day,D60,Injured 60-Day
810840,Josh Blum,josh blum,NYM,60-day,D60,Injured 60-Day
701241,Josh Bostick,josh bostick,SF,60-day,D60,Injured 60-Day
700985,Josh Hansell,josh hansell,KC,7-day,D7,Injured 7-Day
811339,Josh Kross,josh kross,STL,60-day,D60,Injured 60-Day
811718,Josh Wakefield,josh wakefield,HOU,7-day,D7,Injured 7-Day
695491,Joshua Báez,joshua baez,STL,10-day,D10,Injured 10-Day
681739,Joshua Cornielly,joshua cornielly,NYM,full-season,ILF,Injured - Full Season
834237,Joshua Flores,joshua flores,MIL,full-season,ILF,Injured - Full Season
811965,Joshua Kuroda-Grauer,joshua kuroda-grauer,ATH,60-day,D60,Injured 60-Day
800522,Josue Briceño,josue briceno,DET,7-day,D7,Injured 7-Day
700648,Josue Gonzalez,josue gonzalez,NYY,60-day,D60,Injured 60-Day
621244,José Berríos,jose berrios,TOR,60-day,D60,Injured 60-Day
676130,José Buttó,jose butto,SF,60-day,D60,Injured 60-Day
821078,José Castro,jose castro,MIA,full-season,ILF,Injured - Full Season
665896,José Marte,jose marte,NYM,full-season,ILF,Injured - Full Season
829072,José Peña,jose pena,BAL,60-day,D60,Injured 60-Day
800243,Jovi Gálvez,jovi galvez,STL,7-day,D7,Injured 7-Day
805694,Juan Bello,juan bello,HOU,60-day,D60,Injured 60-Day
814813,Juan Duran,juan duran,BAL,60-day,D60,Injured 60-Day
823859,Juan Jimenez,juan jimenez,SEA,60-day,D60,Injured 60-Day
836435,Juan Marquez,juan marquez,MIN,60-day,D60,Injured 60-Day
805400,Juan Nunez,juan nunez,HOU,60-day,D60,Injured 60-Day
699697,Juan Pinto,juan pinto,SEA,60-day,D60,Injured 60-Day
803424,Juan Sanchez,juan sanchez,ATL,60-day,D60,Injured 60-Day
813536,Juan Valera,juan valera,BOS,full-season,ILF,Injured - Full Season
670062,Julian Garcia,julian garcia,CIN,15-day,D15,Injured 15-Day
807398,Julio  Marte,julio marte,HOU,60-day,D60,Injured 60-Day
835889,Julio Chivilli,julio chivilli,WSH,full-season,ILF,Injured - Full Season
695946,Junior Flores,junior flores,PIT,full-season,ILF,Injured - Full Season
701859,Justin Armbruester,justin armbruester,NYM,7-day,D7,Injured 7-Day
703610,Justin Lamkin,justin lamkin,KC,60-day,D60,Injured 60-Day
811312,Justin Riemer,justin riemer,ATH,7-day,D7,Injured 7-Day
686580,Justin Slaten,justin slaten,BOS,15-day,D15,Injured 15-Day
657006,Justin Steele,justin steele,CHC,60-day,D60,Injured 60-Day
686993,Justin Sterner,justin sterner,ATH,60-day,D60,Injured 60-Day
434378,Justin Verlander,justin verlander,DET,60-day,D60,Injured 60-Day
688540,Kade Bragg,kade bragg,MIA,60-day,D60,Injured 60-Day
701785,Kaelen Culpepper,kaelen culpepper,MIN,10-day,D10,Injured 10-Day
806262,Kaiden Wilson,kaiden wilson,MIA,full-season,ILF,Injured - Full Season
806495,Kale Fountain,kale fountain,SD,full-season,ILF,Injured - Full Season
832453,Kaleb Wing,kaleb wing,CHC,full-season,ILF,Injured - Full Season
804854,Kameron Douglas,kameron douglas,DET,60-day,D60,Injured 60-Day
824026,Kash Mayfield,kash mayfield,DET,7-day,D7,Injured 7-Day
701837,Kavares Tears,kavares tears,SD,60-day,D60,Injured 60-Day
676775,Keaton Winn,keaton winn,SF,60-day,D60,Injured 60-Day
669211,Keegan Akin,keegan akin,BAL,60-day,D60,Injured 60-Day
808323,Keeler Morfe,keeler morfe,BAL,60-day,D60,Injured 60-Day
695069,Keith Jones II,keith jones ii,TEX,7-day,D7,Injured 7-Day
808138,Keiverson Ramírez,keiverson ramirez,STL,7-day,D7,Injured 7-Day
686610,Ken Waldichuk,ken waldichuk,WSH,60-day,D60,Injured 60-Day
808111,Kendal Meza,kendal meza,SEA,60-day,D60,Injured 60-Day
806077,Kendall George,kendall george,LAD,60-day,D60,Injured 60-Day
821062,Kendy Richard,kendy richard,ATL,60-day,D60,Injured 60-Day
700341,Kenny Castillo,kenny castillo,AZ,7-day,D7,Injured 7-Day
681481,Kerry Carpenter,kerry carpenter,DET,10-day,D10,Injured 10-Day
665645,Kervin Castro,kervin castro,NYY,60-day,D60,Injured 60-Day
808246,Keuri Almonte,keuri almonte,PIT,full-season,ILF,Injured - Full Season
829074,Kevin Defrank,kevin defrank,MIA,60-day,D60,Injured 60-Day
691183,Kevin Made,kevin made,WSH,60-day,D60,Injured 60-Day
825691,Kevin Morillo,kevin morillo,BOS,60-day,D60,Injured 60-Day
805728,Kevin Stevens,kevin stevens,NYY,7-day,D7,Injured 7-Day
808547,Keyner Benitez,keyner benitez,MIA,60-day,D60,Injured 60-Day
701590,Khal Stephen,khal stephen,CLE,60-day,D60,Injured 60-Day
489446,Kirby Yates,kirby yates,PIT,15-day,D15,Injured 15-Day
663465,Kolby Allard,kolby allard,PHI,60-day,D60,Injured 60-Day
806641,Kolton Curtis,kolton curtis,TEX,full-season,ILF,Injured - Full Season
592178,Kris Bryant,kris bryant,COL,60-day,D60,Injured 60-Day
676710,Kutter Crawford,kutter crawford,BOS,60-day,D60,Injured 60-Day
681066,Ky Bush,ky bush,CWS,60-day,D60,Injured 60-Day
694900,Kyle Amendt,kyle amendt,AZ,full-season,ILF,Injured - Full Season
680694,Kyle Bradish,kyle bradish,BAL,15-day,D15,Injured 15-Day
686952,Kyle Dernedde,kyle dernedde,CLE,60-day,D60,Injured 60-Day
640448,Kyle Finnegan,kyle finnegan,DET,15-day,D15,Injured 15-Day
543309,Kyle Higashioka,kyle higashioka,TEX,10-day,D10,Injured 10-Day
664918,Kyle Keller,kyle keller,BOS,full-season,ILF,Injured - Full Season
693819,Kyle Nevin,kyle nevin,LAD,60-day,D60,Injured 60-Day
693459,Kyler Fedko,kyler fedko,PIT,full-season,ILF,Injured - Full Season
677347,Kyren Paris,kyren paris,LAA,10-day,D10,Injured 10-Day
804817,Kyson Witherspoon,kyson witherspoon,BAL,7-day,D7,Injured 7-Day
842248,L.J. Waco,lj waco,WSH,7-day,D7,Injured 7-Day
826156,Lance Hartley,lance hartley,KC,full-season,ILF,Injured - Full Season
804542,Landon Harper,landon harper,ATL,full-season,ILF,Injured - Full Season
657041,Lane Thomas,lane thomas,ATL,10-day,D10,Injured 10-Day
695465,Larson Kindreich,larson kindreich,TEX,full-season,ILF,Injured - Full Season
701742,LeTrey McCollum,letrey mccollum,LAA,60-day,D60,Injured 60-Day
815888,Leo De Vries,leo de vries,ATH,60-day,D60,Injured 60-Day
800320,Leonel Sequera,leonel sequera,STL,60-day,D60,Injured 60-Day
840010,Leonil De Leon,leonil de leon,STL,60-day,D60,Injured 60-Day
682119,Levi Jordan,levi jordan,WSH,60-day,D60,Injured 60-Day
686651,Levi Stoudt,levi stoudt,PHI,full-season,ILF,Injured - Full Season
694370,Levi Wells,levi wells,BAL,60-day,D60,Injured 60-Day
830009,Lisandro Sanchez,lisandro sanchez,BAL,60-day,D60,Injured 60-Day
688138,Logan Evans,logan evans,SEA,60-day,D60,Injured 60-Day
702583,Logan Lunceford,logan lunceford,LAD,full-season,ILF,Injured - Full Season
805841,Logan Tabeling,logan tabeling,LAD,full-season,ILF,Injured - Full Season
657277,Logan Webb,logan webb,SF,15-day,D15,Injured 15-Day
681315,Logan Whitaker,logan whitaker,MIA,7-day,D7,Injured 7-Day
800621,Logun Clark,logun clark,CLE,7-day,D7,Injured 7-Day
837866,Loidel Amaya,loidel amaya,AZ,60-day,D60,Injured 60-Day
608337,Lucas Giolito,lucas giolito,SD,60-day,D60,Injured 60-Day
679883,Luinder Avila,luinder avila,KC,60-day,D60,Injured 60-Day
806948,Luis Aguilar,luis aguilar,HOU,full-season,ILF,Injured - Full Season
806981,Luis Almeyda,luis almeyda,BAL,7-day,D7,Injured 7-Day
821011,Luis Andujar,luis andujar,BAL,60-day,D60,Injured 60-Day
815135,Luis Castillo,luis castillo,DET,60-day,D60,Injured 60-Day
825410,Luis Centeno,luis centeno,COL,60-day,D60,Injured 60-Day
821818,Luis Corobo,luis corobo,MIL,60-day,D60,Injured 60-Day
821139,Luis De La Cruz,luis de la cruz,CLE,7-day,D7,Injured 7-Day
677651,Luis Garcia,luis garcia,NYY,full-season,ILF,Injured - Full Season
836582,Luis Hernández,luis hernandez,SF,7-day,D7,Injured 7-Day
837034,Luis Mantilla,luis mantilla,ATL,60-day,D60,Injured 60-Day
838565,Luis Martinez,luis martinez,MIN,60-day,D60,Injured 60-Day
682641,Luis Matos,luis matos,MIL,60-day,D60,Injured 60-Day
821270,Luis Peña,luis pena,MIL,7-day,D7,Injured 7-Day
687328,Luis Ramirez,luis ramirez,TEX,60-day,D60,Injured 60-Day
650859,Luis Rengifo,luis rengifo,SD,60-day,D60,Injured 60-Day
807001,Luis Reyes,luis reyes,CWS,full-season,ILF,Injured - Full Season
837656,Luis Ricart,luis ricart,LAD,60-day,D60,Injured 60-Day
673357,Luis Robert Jr.,luis robert jr,BAL,10-day,D10,Injured 10-Day
812160,Luis Rodriguez,luis rodriguez,HOU,60-day,D60,Injured 60-Day
622663,Luis Severino,luis severino,ATH,60-day,D60,Injured 60-Day
693783,Luis Sánchez,luis sanchez,BAL,full-season,ILF,Injured - Full Season
800187,Luis Torres,luis torres,TOR,full-season,ILF,Injured - Full Season
649966,Luis Urías,luis urias,TOR,10-day,D10,Injured 10-Day
839316,Luis Villamizar,luis villamizar,DET,60-day,D60,Injured 60-Day
702726,Luke Adams,luke adams,MIL,7-day,D7,Injured 7-Day
830153,Luke Broderick,luke broderick,COL,full-season,ILF,Injured - Full Season
835400,Luke House,luke house,CLE,60-day,D60,Injured 60-Day
695609,Luke Jewett,luke jewett,COL,60-day,D60,Injured 60-Day
828518,Luke Lashutka,luke lashutka,MIA,full-season,ILF,Injured - Full Season
670042,Luke Raley,luke raley,SEA,60-day,D60,Injured 60-Day
689450,Luke Taggart,luke taggart,DET,7-day,D7,Injured 7-Day
700429,MT Morrissey,mt morrissey,PHI,7-day,D7,Injured 7-Day
806121,Mac Heuer,mac heuer,NYY,full-season,ILF,Injured - Full Season
821097,Maikel Rodriguez,maikel rodriguez,MIA,60-day,D60,Injured 60-Day
701195,Manuel Castro,manuel castro,SD,60-day,D60,Injured 60-Day
694211,Manuel Pena,manuel pena,AZ,7-day,D7,Injured 7-Day
655889,Manuel Rodríguez,manuel rodriguez,TB,15-day,D15,Injured 15-Day
835387,Marbin Lezcano,marbin lezcano,TB,full-season,ILF,Injured - Full Season
830477,Marcelino Theodore,marcelino theodore,TOR,7-day,D7,Injured 7-Day
691785,Marcelo Mayer,marcelo mayer,SF,10-day,D10,Injured 10-Day
829265,Marco Arcia,marco arcia,DET,60-day,D60,Injured 60-Day
701392,Marco Dinges,marco dinges,MIL,7-day,D7,Injured 7-Day
672380,Marco Jimenez,marco jimenez,DET,7-day,D7,Injured 7-Day
821605,Marcos Pol,marcos pol,ATL,full-season,ILF,Injured - Full Season
800106,Marcos Torres,marcos torres,TEX,60-day,D60,Injured 60-Day
815071,Marcus Phillips,marcus phillips,BOS,7-day,D7,Injured 7-Day
807814,Mariano Salomon,mariano salomon,NYY,full-season,ILF,Injured - Full Season
683336,Mario Zabala,mario zabala,SD,60-day,D60,Injured 60-Day
686672,Mark Adamiak,mark adamiak,ATH,60-day,D60,Injured 60-Day
656627,Mark Kolozsvary,mark kolozsvary,PHI,60-day,D60,Injured 60-Day
643410,Mark Leiter Jr.,mark leiter jr,ATH,60-day,D60,Injured 60-Day
828319,Marshall Toole,marshall toole,TB,60-day,D60,Injured 60-Day
800421,Marvin Alcantara,marvin alcantara,BOS,60-day,D60,Injured 60-Day
807799,Masataka Yoshida,masataka yoshida,BOS,10-day,D10,Injured 10-Day
695476,Mason Albright,mason albright,COL,full-season,ILF,Injured - Full Season
826314,Mason Burns,mason burns,STL,full-season,ILF,Injured - Full Season
702563,Mason Neville,mason neville,CIN,7-day,D7,Injured 7-Day
700795,Mathieu Vallee,mathieu vallee,TOR,7-day,D7,Injured 7-Day
666374,Matt Brash,matt brash,SEA,60-day,D60,Injured 60-Day
683764,Matt Canterino,matt canterino,MIN,60-day,D60,Injured 60-Day
656305,Matt Chapman,matt chapman,SF,60-day,D60,Injured 60-Day
683314,Matt Duffy,matt duffy,BOS,60-day,D60,Injured 60-Day
657424,Matt Gage,matt gage,SF,60-day,D60,Injured 60-Day
801367,Matt Jachec,matt jachec,CLE,60-day,D60,Injured 60-Day
439475,Matt Lachappa,matt lachappa,SD,full-season,ILF,Injured - Full Season
828510,Matt Tiberia,matt tiberia,SEA,60-day,D60,Injured 60-Day
663837,Matt Vierling,matt vierling,DET,60-day,D60,Injured 60-Day
663362,Matt Waldron,matt waldron,WSH,60-day,D60,Injured 60-Day
826936,Matthew Potok,matthew potok,PHI,7-day,D7,Injured 7-Day
676055,Max Green,max green,NYM,60-day,D60,Injured 60-Day
676974,Max Meyer,max meyer,MIA,15-day,D15,Injured 15-Day
691008,Max Rajcic,max rajcic,STL,60-day,D60,Injured 60-Day
815004,Maylerson Casanova,maylerson casanova,PHI,full-season,ILF,Injured - Full Season
685326,McCade Brown,mccade brown,COL,60-day,D60,Injured 60-Day
829156,Meridian Leffew,meridian leffew,DET,60-day,D60,Injured 60-Day
701726,Merritt Beeker,merritt beeker,WSH,7-day,D7,Injured 7-Day
837308,Mervin Maiz,mervin maiz,PIT,60-day,D60,Injured 60-Day
837667,Micael De La Cruz,micael de la cruz,PIT,60-day,D60,Injured 60-Day
692117,Micah Bucknam,micah bucknam,TOR,full-season,ILF,Injured - Full Season
823752,Michael Anderson Jr.,michael anderson jr,TEX,full-season,ILF,Injured - Full Season
833199,Michael De La Cruz,michael de la cruz,TOR,60-day,D60,Injured 60-Day
702650,Michael Forret,michael forret,BAL,7-day,D7,Injured 7-Day
842569,Michael Gibson,michael gibson,PIT,7-day,D7,Injured 7-Day
680737,Michael Helman,michael helman,TEX,60-day,D60,Injured 60-Day
669419,Michael Hobbs,michael hobbs,SEA,7-day,D7,Injured 7-Day
681077,Michael Knorr,michael knorr,HOU,7-day,D7,Injured 7-Day
824765,Michael Martinez,michael martinez,ATL,7-day,D7,Injured 7-Day
691786,Michael Morales,michael morales,SEA,7-day,D7,Injured 7-Day
687087,Michael Prosecky,michael prosecky,COL,7-day,D7,Injured 7-Day
669911,Michael Toglia,michael toglia,CIN,60-day,D60,Injured 60-Day
671305,Michel Otañez,michel otanez,TEX,15-day,D15,Injured 15-Day
820962,Michell Ojeda,michell ojeda,PIT,60-day,D60,Injured 60-Day
690953,Mick Abel,mick abel,MIN,60-day,D60,Injured 60-Day
837804,Miguel Andrade,miguel andrade,MIL,60-day,D60,Injured 60-Day
609280,Miguel Andujar,miguel andujar,SD,10-day,D10,Injured 10-Day
823884,Miguel Balza,miguel balza,HOU,60-day,D60,Injured 60-Day
694194,Miguel Bleis,miguel bleis,BOS,7-day,D7,Injured 7-Day
800477,Miguel Mesa,miguel mesa,BAL,60-day,D60,Injured 60-Day
691629,Miguelangel Boadas,miguelangel boadas,MIN,7-day,D7,Injured 7-Day
681347,Mike Burrows,mike burrows,HOU,60-day,D60,Injured 60-Day
702474,Mike Paredes,mike paredes,MIN,60-day,D60,Injured 60-Day
678024,Mike Vasil,mike vasil,CWS,60-day,D60,Injured 60-Day
694366,Mikey Tepper,mikey tepper,WSH,7-day,D7,Injured 7-Day
656605,Mitch Keller,mitch keller,PIT,60-day,D60,Injured 60-Day
836037,Mitchell Evans,mitchell evans,DET,full-season,ILF,Injured - Full Season
680730,Mitchell Parker,mitchell parker,WSH,60-day,D60,Injured 60-Day
811573,Myles Patton,myles patton,BOS,full-season,ILF,Injured - Full Season
827642,Naiker Velazquez,naiker velazquez,PHI,60-day,D60,Injured 60-Day
702417,Natanael Polanco,natanael polanco,MIA,full-season,ILF,Injured - Full Season
806004,Nate Ackenhausen,nate ackenhausen,KC,60-day,D60,Injured 60-Day
801501,Nate Furman,nate furman,SF,10-day,D10,Injured 10-Day
825582,Nate George,nate george,BAL,60-day,D60,Injured 60-Day
815005,Nathanael Cijntje,nathanael cijntje,PHI,full-season,ILF,Injured - Full Season
806441,Nehomar Ochoa Jr.,nehomar ochoa jr,HOU,60-day,D60,Injured 60-Day
820982,Neiker Palacios,neiker palacios,AZ,7-day,D7,Injured 7-Day
815148,Nestor German,nestor german,BAL,7-day,D7,Injured 7-Day
686544,Nestor Lorant,nestor lorant,CIN,60-day,D60,Injured 60-Day
815930,Nestor Miranda,nestor miranda,DET,full-season,ILF,Injured - Full Season
825699,Netali Pinales,netali pinales,COL,60-day,D60,Injured 60-Day
663671,Nic Enright,nic enright,TOR,full-season,ILF,Injured - Full Season
813752,Nick Brink,nick brink,MIA,full-season,ILF,Injured - Full Season
694921,Nick Conte,nick conte,KC,7-day,D7,Injured 7-Day
689546,Nick Davila,nick davila,SEA,60-day,D60,Injured 60-Day
686953,Nick Dean,nick dean,CHC,60-day,D60,Injured 60-Day
825094,Nick Dumesnil,nick dumesnil,DET,7-day,D7,Injured 7-Day
824753,Nick Hollifield,nick hollifield,WSH,60-day,D60,Injured 60-Day
701762,Nick Kurtz,nick kurtz,ATH,60-day,D60,Injured 60-Day
686529,Nick Maldonado,nick maldonado,MIA,full-season,ILF,Injured - Full Season
683232,Nick Mears,nick mears,KC,60-day,D60,Injured 60-Day
806581,Nick Merkel,nick merkel,MIL,7-day,D7,Injured 7-Day
805311,Nick Sando,nick sando,CIN,full-season,ILF,Injured - Full Season
689901,Nico Zeglin,nico zeglin,HOU,7-day,D7,Injured 7-Day
808694,Nixon Chirinos,nixon chirinos,MIA,7-day,D7,Injured 7-Day
688629,Noah Dean,noah dean,WSH,60-day,D60,Injured 60-Day
815125,Noah Ruen,noah ruen,LAD,full-season,ILF,Injured - Full Season
800611,Noble Meyer,noble meyer,MIA,7-day,D7,Injured 7-Day
813828,Nolan Santos,nolan santos,MIN,full-season,ILF,Injured - Full Season
694384,Nolan Schanuel,nolan schanuel,LAA,10-day,D10,Injured 10-Day
695589,Ocean Gabonia,ocean gabonia,NYY,full-season,ILF,Injured - Full Season
823860,Oliver Gonzalez,oliver gonzalez,LAD,full-season,ILF,Injured - Full Season
678316,Omar Cruz,omar cruz,SD,full-season,ILF,Injured - Full Season
824933,Oriel Fortuna,oriel fortuna,CWS,60-day,D60,Injured 60-Day
689508,Orlando Ortiz-Mayr,orlando ortiz-mayr,MIA,7-day,D7,Injured 7-Day
687377,Orlando Ribalta,orlando ribalta,WSH,15-day,D15,Injured 15-Day
814840,Orvis Fernandez,orvis fernandez,NYY,60-day,D60,Injured 60-Day
699325,Oscar Rayo,oscar rayo,KC,7-day,D7,Injured 7-Day
832558,Osvaldo Platas,osvaldo platas,SEA,60-day,D60,Injured 60-Day
802086,Ovis Portes,ovis portes,CIN,60-day,D60,Injured 60-Day
683357,Owen Caissie,owen caissie,MIA,10-day,D10,Injured 10-Day
842160,Owen Clyne,owen clyne,PHI,60-day,D60,Injured 60-Day
816000,Owen Gregg,owen gregg,TOR,full-season,ILF,Injured - Full Season
701685,Owen Kellington,owen kellington,PIT,60-day,D60,Injured 60-Day
810896,Owen Proksch,owen proksch,TEX,7-day,D7,Injured 7-Day
824667,Owen Puk,owen puk,WSH,60-day,D60,Injured 60-Day
676571,PJ Poulin,pj poulin,WSH,60-day,D60,Injured 60-Day
808326,Pablo Guerrero,pablo guerrero,TEX,7-day,D7,Injured 7-Day
641154,Pablo López,pablo lopez,MIN,60-day,D60,Injured 60-Day
678009,Parker Meadows,parker meadows,DET,60-day,D60,Injured 60-Day
571578,Patrick Corbin,patrick corbin,TOR,60-day,D60,Injured 60-Day
809243,Patrick Engskov,patrick engskov,ATL,60-day,D60,Injured 60-Day
805823,Paul Bonzagni,paul bonzagni,TEX,60-day,D60,Injured 60-Day
668721,Payton Henry,payton henry,PHI,7-day,D7,Injured 7-Day
806869,Pedro Catuy,pedro catuy,AZ,7-day,D7,Injured 7-Day
829691,Pedro Montero,pedro montero,MIA,60-day,D60,Injured 60-Day
830417,Pedro Nunez,pedro nunez,COL,60-day,D60,Injured 60-Day
664126,Pete Fairbanks,pete fairbanks,MIA,15-day,D15,Injured 15-Day
695646,Peter Heubeck,peter heubeck,LAD,60-day,D60,Injured 60-Day
828097,Peter Kussow,peter kussow,NYM,full-season,ILF,Injured - Full Season
682608,Peyton Gray,peyton gray,TEX,15-day,D15,Injured 15-Day
664208,Phil Maton,phil maton,CHC,60-day,D60,Injured 60-Day
701298,Phillip Glasser,phillip glasser,WSH,7-day,D7,Injured 7-Day
701487,Pierson Ohl,pierson ohl,COL,60-day,D60,Injured 60-Day
837632,Pietro Albanez-Rienzo,pietro albanez-rienzo,PIT,60-day,D60,Injured 60-Day
800278,Pitterson Rosa,pitterson rosa,PIT,full-season,ILF,Injured - Full Season
814378,Porfirio Ramos,porfirio ramos,HOU,full-season,ILF,Injured - Full Season
687863,Porter Hodge,porter hodge,CHC,60-day,D60,Injured 60-Day
672860,Prelander Berroa,prelander berroa,CWS,60-day,D60,Injured 60-Day
682990,Quinn Priester,quinn priester,MIL,60-day,D60,Injured 60-Day
701703,Quinton Low,quinton low,MIL,60-day,D60,Injured 60-Day
702720,RJ Austin,rj austin,BAL,60-day,D60,Injured 60-Day
836071,RJ Shunck,rj shunck,MIA,60-day,D60,Injured 60-Day
646240,Rafael Devers,rafael devers,SF,60-day,D60,Injured 60-Day
821012,Rafael Flores,rafael flores,TOR,60-day,D60,Injured 60-Day
829898,Rafael Merchan,rafael merchan,CHC,60-day,D60,Injured 60-Day
801736,Raimel Medina,raimel medina,KC,60-day,D60,Injured 60-Day
703148,Raimon Gomez,raimon gomez,BAL,7-day,D7,Injured 7-Day
800321,Raimy Rodriguez,raimy rodriguez,HOU,7-day,D7,Injured 7-Day
827408,Ramon Marquez,ramon marquez,SF,7-day,D7,Injured 7-Day
657656,Ramón Laureano,ramon laureano,SD,60-day,D60,Injured 60-Day
829480,Ranciel Abreu,ranciel abreu,NYY,60-day,D60,Injured 60-Day
807383,Randy Guzman,randy guzman,NYM,7-day,D7,Injured 7-Day
835609,Randy Ramnarace,randy ramnarace,KC,7-day,D7,Injured 7-Day
678495,Randy Rodríguez,randy rodriguez,SF,60-day,D60,Injured 60-Day
829909,Raudy Reyes,raudy reyes,ATL,full-season,ILF,Injured - Full Season
800426,Raylin Ramos,raylin ramos,BAL,60-day,D60,Injured 60-Day
828661,Raymel Belliard,raymel belliard,SD,60-day,D60,Injured 60-Day
830002,Rayner Herrera,rayner herrera,BAL,7-day,D7,Injured 7-Day
810982,Rayven Antonio,rayven antonio,ATL,full-season,ILF,Injured - Full Season
657585,Reed Garrett,reed garrett,NYM,60-day,D60,Injured 60-Day
681857,Reese Olson,reese olson,DET,60-day,D60,Injured 60-Day
686846,Reggie Crawford,reggie crawford,SF,60-day,D60,Injured 60-Day
828182,Reid Worley,reid worley,SF,full-season,ILF,Injured - Full Season
684128,Reidis Sena,reidis sena,BOS,7-day,D7,Injured 7-Day
806996,Reiner López,reiner lopez,STL,full-season,ILF,Injured - Full Season
663753,Reiss Knehr,reiss knehr,MIL,7-day,D7,Injured 7-Day
821096,Reiver Camacho,reiver camacho,COL,60-day,D60,Injured 60-Day
665665,Reiver Sanmartin,reiver sanmartin,SF,15-day,D15,Injured 15-Day
835014,Rey Pacheco,rey pacheco,MIN,60-day,D60,Injured 60-Day
816089,Reymer Chourio,reymer chourio,DET,60-day,D60,Injured 60-Day
625643,Reynaldo López,reynaldo lopez,ATL,15-day,D15,Injured 15-Day
699106,Reynardo Cruz,reynardo cruz,CIN,60-day,D60,Injured 60-Day
656555,Rhys Hoskins,rhys hoskins,CLE,10-day,D10,Injured 10-Day
825750,Ricardo De La Paz,ricardo de la paz,SD,60-day,D60,Injured 60-Day
805110,Ricardo Montero,ricardo montero,LAD,60-day,D60,Injured 60-Day
691627,Ricardo Olivar,ricardo olivar,MIN,60-day,D60,Injured 60-Day
800547,Ricardo Pena,ricardo pena,MIN,7-day,D7,Injured 7-Day
830429,Ricardo Roman,ricardo roman,LAD,60-day,D60,Injured 60-Day
825925,Richie Bonomolo Jr.,richie bonomolo jr,NYY,60-day,D60,Injured 60-Day
703150,Ricky Cabrera,ricky cabrera,CIN,full-season,ILF,Injured - Full Season
694408,Riley Eikhoff,riley eikhoff,CWS,60-day,D60,Injured 60-Day
811319,Riley Frey,riley frey,ATL,full-season,ILF,Injured - Full Season
804465,Riley Kelly,riley kelly,COL,7-day,D7,Injured 7-Day
702303,Riley Martin,riley martin,CHC,60-day,D60,Injured 60-Day
815306,Rio Foster,rio foster,LAA,full-season,ILF,Injured - Full Season
821932,River Hamilton,river hamilton,DET,full-season,ILF,Injured - Full Season
689506,Robbie Knowles,robbie knowles,STL,60-day,D60,Injured 60-Day
702281,Robby Snelling,robby snelling,MIA,60-day,D60,Injured 60-Day
815897,Robert Arias,robert arias,CLE,60-day,D60,Injured 60-Day
691001,Robert Moore,robert moore,PHI,7-day,D7,Injured 7-Day
814101,Robert Orloski,robert orloski,LAA,60-day,D60,Injured 60-Day
691188,Robert Puason,robert puason,ATH,60-day,D60,Injured 60-Day
596112,Robert Stephenson,robert stephenson,LAA,60-day,D60,Injured 60-Day
476594,Robert Stock,robert stock,NYM,15-day,D15,Injured 15-Day
663158,Robert Suarez,robert suarez,ATL,60-day,D60,Injured 60-Day
825233,Robier Hernandez,robier hernandez,HOU,60-day,D60,Injured 60-Day
691792,Roc Riggio,roc riggio,COL,7-day,D7,Injured 7-Day
800604,Roch Cholowsky,roch cholowsky,CWS,7-day,D7,Injured 7-Day
674868,Rodney Boone,rodney boone,CLE,full-season,ILF,Injured - Full Season
808963,Roki Sasaki,roki sasaki,LAD,15-day,D15,Injured 15-Day
837782,Roman Silgado,roman silgado,DET,60-day,D60,Injured 60-Day
837960,Ronaiker Narvaez,ronaiker narvaez,TEX,60-day,D60,Injured 60-Day
821790,Ronald Ramirez,ronald ramirez,DET,7-day,D7,Injured 7-Day
823723,Ronaldo Florencio,ronaldo florencio,COL,60-day,D60,Injured 60-Day
837213,Roniel Joseph,roniel joseph,BAL,60-day,D60,Injured 60-Day
678692,Ronny Henriquez,ronny henriquez,MIA,60-day,D60,Injured 60-Day
592858,Rowan Wick,rowan wick,SF,60-day,D60,Injured 60-Day
824634,Rowell Arroyo,rowell arroyo,CHC,full-season,ILF,Injured - Full Season
831989,Roynel Confidente,roynel confidente,BAL,60-day,D60,Injured 60-Day
823214,Rubender Pena,rubender pena,TB,full-season,ILF,Injured - Full Season
803276,Ruddy Gomez,ruddy gomez,MIN,7-day,D7,Injured 7-Day
808160,Ruddy Navarro,ruddy navarro,SEA,60-day,D60,Injured 60-Day
657675,Rudy Martin Jr.,rudy martin jr,TOR,10-day,D10,Injured 10-Day
686825,Ryan Ammons,ryan ammons,NYM,full-season,ILF,Injured - Full Season
688664,Ryan Brown,ryan brown,ATH,7-day,D7,Injured 7-Day
811286,Ryan Brown,ryan brown,LAD,60-day,D60,Injured 60-Day
691943,Ryan Bruno,ryan bruno,AZ,60-day,D60,Injured 60-Day
689877,Ryan Harbin,ryan harbin,PIT,full-season,ILF,Injured - Full Season
664854,Ryan Helsley,ryan helsley,BAL,60-day,D60,Injured 60-Day
805782,Ryan Lasko,ryan lasko,ATH,60-day,D60,Injured 60-Day
702795,Ryan Loutos,ryan loutos,SEA,full-season,ILF,Injured - Full Season
827698,Ryan Mathiesen,ryan mathiesen,HOU,7-day,D7,Injured 7-Day
663624,Ryan Mountcastle,ryan mountcastle,BAL,60-day,D60,Injured 60-Day
701000,Ryan Och,ryan och,SD,60-day,D60,Injured 60-Day
835218,Ryan Oshinskie,ryan oshinskie,MIL,full-season,ILF,Injured - Full Season
823694,Ryan Osinski,ryan osinski,NYY,full-season,ILF,Injured - Full Season
686752,Ryan Pepiot,ryan pepiot,TB,60-day,D60,Injured 60-Day
657044,Ryan Thompson,ryan thompson,AZ,60-day,D60,Injured 60-Day
701511,Ryan Watson,ryan watson,TOR,60-day,D60,Injured 60-Day
677960,Ryan Weathers,ryan weathers,NYY,15-day,D15,Injured 15-Day
800239,Sabier Marte,sabier marte,NYY,7-day,D7,Injured 7-Day
823883,Salvador Casado,salvador casado,BAL,60-day,D60,Injured 60-Day
680397,Sam Benschoter,sam benschoter,CIN,7-day,D7,Injured 7-Day
822760,Sam Garcia,sam garcia,MIL,7-day,D7,Injured 7-Day
821456,Sam Gerth,sam gerth,COL,full-season,ILF,Injured - Full Season
802413,Sam Horn,sam horn,LAD,60-day,D60,Injured 60-Day
815044,Sam Mongelli,sam mongelli,LAD,60-day,D60,Injured 60-Day
835380,Sam Rochard,sam rochard,MIN,60-day,D60,Injured 60-Day
802511,Sam Shaw,sam shaw,TOR,7-day,D7,Injured 7-Day
702023,Sam Stuhr,sam stuhr,ATH,60-day,D60,Injured 60-Day
802517,Sam White,sam white,TOR,60-day,D60,Injured 60-Day
837043,Samil Valdivieso,samil valdivieso,HOU,60-day,D60,Injured 60-Day
808247,Samuel Sanchez,samuel sanchez,LAD,60-day,D60,Injured 60-Day
829493,Samuel Savinon,samuel savinon,LAD,7-day,D7,Injured 7-Day
679029,Samuel Vásquez,samuel vasquez,MIA,60-day,D60,Injured 60-Day
696519,Samy Natera Jr.,samy natera jr,LAA,15-day,D15,Injured 15-Day
506702,Sandy León,sandy leon,ATL,60-day,D60,Injured 60-Day
829764,Santiago Castellanos,santiago castellanos,MIN,60-day,D60,Injured 60-Day
829761,Santiago Gil,santiago gil,AZ,60-day,D60,Injured 60-Day
829054,Santiago Leon,santiago leon,MIN,full-season,ILF,Injured - Full Season
829775,Santiago Martinez,santiago martinez,MIL,60-day,D60,Injured 60-Day
838009,Santiago Moreno,santiago moreno,WSH,60-day,D60,Injured 60-Day
837219,Saúl Figuereo,saul figuereo,STL,60-day,D60,Injured 60-Day
807078,Sean Duncan,sean duncan,NYY,full-season,ILF,Injured - Full Season
834243,Sean Episcope,sean episcope,MIL,60-day,D60,Injured 60-Day
686184,Sean Harney,sean harney,AZ,full-season,ILF,Injured - Full Season
822232,Sebastian Casanova,sebastian casanova,TOR,7-day,D7,Injured 7-Day
837781,Sebastian Rivas,sebastian rivas,NYY,60-day,D60,Injured 60-Day
691828,Sem Robberse,sem robberse,STL,60-day,D60,Injured 60-Day
815825,Seth Hernandez,seth hernandez,PIT,60-day,D60,Injured 60-Day
804610,Shai Robinson,shai robinson,MIN,full-season,ILF,Injured - Full Season
669456,Shane Bieber,shane bieber,TOR,15-day,D15,Injured 15-Day
663556,Shane McClanahan,shane mcclanahan,TB,15-day,D15,Injured 15-Day
687071,Shane Sasaki,shane sasaki,CIN,60-day,D60,Injured 60-Day
542888,Shawn Armstrong,shawn armstrong,CLE,60-day,D60,Injured 60-Day
815272,Shay Timmer,shay timmer,DET,60-day,D60,Injured 60-Day
571946,Shelby Miller,shelby miller,CHC,60-day,D60,Injured 60-Day
806823,Sheng-En Lin,sheng-en lin,CIN,60-day,D60,Injured 60-Day
660271,Shohei Ohtani,shohei ohtani,LAD,15-day,D15,Injured 15-Day
829679,Shotaro Morii,shotaro morii,ATH,7-day,D7,Injured 7-Day
809130,Simon Gregersen,simon gregersen,AZ,60-day,D60,Injured 60-Day
815154,Slade Caldwell,slade caldwell,AZ,7-day,D7,Injured 7-Day
689070,Spencer Packard,spencer packard,SEA,7-day,D7,Injured 7-Day
680885,Spencer Schwellenbach,spencer schwellenbach,ATL,60-day,D60,Injured 60-Day
668715,Spencer Steer,spencer steer,CIN,60-day,D60,Injured 60-Day
675911,Spencer Strider,spencer strider,ATL,60-day,D60,Injured 60-Day
806965,Starlyn Caba,starlyn caba,MIA,7-day,D7,Injured 7-Day
837707,Starlyn De La Cruz,starlyn de la cruz,ATL,60-day,D60,Injured 60-Day
663568,Stephen Kolek,stephen kolek,KC,60-day,D60,Injured 60-Day
836968,Steven Gonzalez,steven gonzalez,TB,full-season,ILF,Injured - Full Season
595345,Steven Okert,steven okert,HOU,15-day,D15,Injured 15-Day
672642,Steward Berroa,steward berroa,PHI,7-day,D7,Injured 7-Day
821823,Sthiven Benitez,sthiven benitez,KC,full-season,ILF,Injured - Full Season
697813,T.J. Brock,tj brock,TOR,7-day,D7,Injured 7-Day
681084,Tanner Andrews,tanner andrews,TOR,60-day,D60,Injured 60-Day
828705,Tanner Gillis,tanner gillis,MIL,60-day,D60,Injured 60-Day
805784,Tanner Hall,tanner hall,MIN,full-season,ILF,Injured - Full Season
656557,Tanner Houck,tanner houck,BOS,60-day,D60,Injured 60-Day
695020,Tanner Murray,tanner murray,CWS,60-day,D60,Injured 60-Day
823801,Tanner Smith,tanner smith,BAL,60-day,D60,Injured 60-Day
816111,Tate Southisene,tate southisene,ATL,7-day,D7,Injured 7-Day
693440,Taylor Dollard,taylor dollard,SEA,7-day,D7,Injured 7-Day
702261,Termarr Johnson,termarr johnson,PIT,full-season,ILF,Injured - Full Season
695765,Thatcher Hurd,thatcher hurd,NYY,60-day,D60,Injured 60-Day
693647,Thomas Balboni Jr.,thomas balboni jr,NYY,7-day,D7,Injured 7-Day
821431,Thomas Mangus,thomas mangus,CHC,full-season,ILF,Injured - Full Season
806258,Thomas White,thomas white,MIA,60-day,D60,Injured 60-Day
837340,Tijn Fredrikze,tijn fredrikze,NYY,60-day,D60,Injured 60-Day
703634,Todd Kniebbe,todd kniebbe,BAL,7-day,D7,Injured 7-Day
814512,Tommy O'Rourke,tommy orourke,NYY,full-season,ILF,Injured - Full Season
664062,Tony Gonsolin,tony gonsolin,KC,15-day,D15,Injured 15-Day
823994,Trace Baker,trace baker,TOR,7-day,D7,Injured 7-Day
829403,Trace Phillips,trace phillips,TB,60-day,D60,Injured 60-Day
802469,Travis Honeyman,travis honeyman,STL,7-day,D7,Injured 7-Day
805809,Travis Sykora,travis sykora,WSH,60-day,D60,Injured 60-Day
830485,Trent Buchanan,trent buchanan,ATL,60-day,D60,Injured 60-Day
663757,Trent Grisham,trent grisham,NYY,10-day,D10,Injured 10-Day
663423,Trent Thornton,trent thornton,CHC,15-day,D15,Injured 15-Day
827528,Trent Turzenski,trent turzenski,BAL,7-day,D7,Injured 7-Day
670092,Trenton Brooks,trenton brooks,HOU,7-day,D7,Injured 7-Day
680436,Trenton Wallace,trenton wallace,TOR,60-day,D60,Injured 60-Day
800723,Trevin Michael,trevin michael,DET,7-day,D7,Injured 7-Day
825891,Trevor Condon,trevor condon,STL,7-day,D7,Injured 7-Day
641627,Trevor Gott,trevor gott,SD,7-day,D7,Injured 7-Day
828342,Trevor Heishman,trevor heishman,DET,60-day,D60,Injured 60-Day
805321,Trevor Kuncl,trevor kuncl,CIN,full-season,ILF,Injured - Full Season
663616,Trevor Larnach,trevor larnach,MIN,10-day,D10,Injured 10-Day
686790,Trevor McDonald,trevor mcdonald,SF,60-day,D60,Injured 60-Day
687731,Trevor Werner,trevor werner,KC,full-season,ILF,Injured - Full Season
700829,Trey Nordmann,trey nordmann,BAL,full-season,ILF,Injured - Full Season
834682,Trey Seeley,trey seeley,SF,7-day,D7,Injured 7-Day
700242,Trey Sweeney,trey sweeney,DET,60-day,D60,Injured 60-Day
702056,Trey Yesavage,trey yesavage,TOR,15-day,D15,Injured 15-Day
671213,Triston Casas,triston casas,BOS,60-day,D60,Injured 60-Day
688367,Tucker Mitchell,tucker mitchell,TEX,full-season,ILF,Injured - Full Season
692226,Ty Floyd,ty floyd,CIN,60-day,D60,Injured 60-Day
695606,Ty Hodge,ty hodge,BOS,60-day,D60,Injured 60-Day
807257,Ty Southisene,ty southisene,TOR,7-day,D7,Injured 7-Day
592122,Tyler Austin,tyler austin,CHC,60-day,D60,Injured 60-Day
666121,Tyler Baum,tyler baum,WSH,60-day,D60,Injured 60-Day
815628,Tyler Bell,tyler bell,COL,60-day,D60,Injured 60-Day
802680,Tyler Bradt,tyler bradt,STL,60-day,D60,Injured 60-Day
827744,Tyler Bryant,tyler bryant,MIL,full-season,ILF,Injured - Full Season
666149,Tyler Fitzgerald,tyler fitzgerald,LAD,60-day,D60,Injured 60-Day
682988,Tyler Locklear,tyler locklear,AZ,60-day,D60,Injured 60-Day
809499,Tyler Morgan,tyler morgan,SD,60-day,D60,Injured 60-Day
641933,Tyler O'Neill,tyler oneill,BAL,60-day,D60,Injured 60-Day
808805,Tyler Pettorini,tyler pettorini,PHI,60-day,D60,Injured 60-Day
691016,Tyler Soderstrom,tyler soderstrom,ATH,10-day,D10,Injured 10-Day
701603,Tyler Stuart,tyler stuart,WSH,60-day,D60,Injured 60-Day
802000,Tyler Switalski,tyler switalski,SF,60-day,D60,Injured 60-Day
669330,Tyler Wells,tyler wells,TB,15-day,D15,Injured 15-Day
694834,Tyler Wilson,tyler wilson,NYY,60-day,D60,Injured 60-Day
656731,Tylor Megill,tylor megill,NYM,60-day,D60,Injured 60-Day
692165,Tyrelle Chadwick,tyrelle chadwick,COL,60-day,D60,Injured 60-Day
824620,Tyson Hardin,tyson hardin,MIL,7-day,D7,Injured 7-Day
825497,Victor Familia,victor familia,PIT,7-day,D7,Injured 7-Day
828349,Victor Rodriguez,victor rodriguez,MIA,7-day,D7,Injured 7-Day
805291,Vince Reilly,vince reilly,CHC,7-day,D7,Injured 7-Day
837039,Vismar Dagnino,vismar dagnino,HOU,60-day,D60,Injured 60-Day
801384,Walin Castillo,walin castillo,MIA,7-day,D7,Injured 7-Day
827734,Wei-En Lin,wei-en lin,ATH,60-day,D60,Injured 60-Day
700327,Welinton Herrera,welinton herrera,COL,60-day,D60,Injured 60-Day
672761,Wenceel Pérez,wenceel perez,DET,60-day,D60,Injured 60-Day
686579,Wes Burton,wes burton,CLE,full-season,ILF,Injured - Full Season
667744,Wesley Moore,wesley moore,PHI,full-season,ILF,Injured - Full Season
702906,Wilfredo Lara,wilfredo lara,MIA,60-day,D60,Injured 60-Day
687006,Will Armbruester,will armbruester,SEA,7-day,D7,Injured 7-Day
684608,Will Brian,will brian,NYY,60-day,D60,Injured 60-Day
682999,Will Childers,will childers,MIL,60-day,D60,Injured 60-Day
694361,Will Klein,will klein,LAD,60-day,D60,Injured 60-Day
703042,Will Riley,will riley,SEA,60-day,D60,Injured 60-Day
805733,Will Rudy,will rudy,MIL,full-season,ILF,Injured - Full Season
691739,Will Sanders,will sanders,CHC,60-day,D60,Injured 60-Day
801696,Will Schomberg,will schomberg,MIA,full-season,ILF,Injured - Full Season
676684,Will Vest,will vest,DET,60-day,D60,Injured 60-Day
669717,Will Wilson,will wilson,SEA,60-day,D60,Injured 60-Day
650489,Willi Castro,willi castro,COL,10-day,D10,Injured 10-Day
703151,William Bergolla Jr.,william bergolla jr,CWS,60-day,D60,Injured 60-Day
687531,William Kempner,william kempner,MIA,60-day,D60,Injured 60-Day
816266,Williams Salazar,williams salazar,LAD,60-day,D60,Injured 60-Day
642715,Willy Adames,willy adames,SF,10-day,D10,Injured 10-Day
815147,Wilson Rodriguez,wilson rodriguez,NYY,60-day,D60,Injured 60-Day
829815,Winkel Del Rosario,winkel del rosario,SF,60-day,D60,Injured 60-Day
808345,Wuilberth Mendez,wuilberth mendez,DET,full-season,ILF,Injured - Full Season
823005,Wyatt Halvorson,wyatt halvorson,LAD,full-season,ILF,Injured - Full Season
694766,Wyatt Hudepohl,wyatt hudepohl,NYM,60-day,D60,Injured 60-Day
831488,Wyatt Vincent,wyatt vincent,NYM,7-day,D7,Injured 7-Day
702696,Xavier Cardenas III,xavier cardenas iii,MIA,60-day,D60,Injured 60-Day
808081,Xavier Cruz,xavier cruz,STL,full-season,ILF,Injured - Full Season
828492,Xavier Kolhosser,xavier kolhosser,MIN,7-day,D7,Injured 7-Day
801870,Xavier Meachem,xavier meachem,MIA,full-season,ILF,Injured - Full Season
837841,Yadier Munoz,yadier munoz,CHC,60-day,D60,Injured 60-Day
699043,Yamal Encarnacion,yamal encarnacion,HOU,7-day,D7,Injured 7-Day
815902,Yandel Ricardo,yandel ricardo,KC,7-day,D7,Injured 7-Day
805699,Yeiber Cartaya,yeiber cartaya,BAL,7-day,D7,Injured 7-Day
691558,Yeiner Fernandez,yeiner fernandez,LAD,full-season,ILF,Injured - Full Season
622075,Yency Almonte,yency almonte,LAD,full-season,ILF,Injured - Full Season
829929,Yeuri Ramirez,yeuri ramirez,DET,60-day,D60,Injured 60-Day
808253,Yhoan Escalona,yhoan escalona,PHI,full-season,ILF,Injured - Full Season
554340,Yimi García,yimi garcia,TOR,60-day,D60,Injured 60-Day
830034,Yobal Rodriguez,yobal rodriguez,CWS,full-season,ILF,Injured - Full Season
699293,Yohairo Cuevas,yohairo cuevas,NYM,7-day,D7,Injured 7-Day
837749,Yohansis Pena,yohansis pena,AZ,60-day,D60,Injured 60-Day
830007,Yordan Rodriguez,yordan rodriguez,NYM,full-season,ILF,Injured - Full Season
808054,Yordin Chalas,yordin chalas,AZ,full-season,ILF,Injured - Full Season
800223,Yorman Galindez,yorman galindez,MIL,7-day,D7,Injured 7-Day
827326,Yorman Licourt,yorman licourt,TOR,7-day,D7,Injured 7-Day
808380,Yosneiker Rivas,yosneiker rivas,SF,7-day,D7,Injured 7-Day
660162,Yoán Moncada,yoan moncada,LAA,60-day,D60,Injured 60-Day
684949,Zac Leigh,zac leigh,CHC,60-day,D60,Injured 60-Day
831337,Zach Bates,zach bates,LAD,full-season,ILF,Injured - Full Season
621107,Zach Eflin,zach eflin,BAL,60-day,D60,Injured 60-Day
808820,Zach Fogell,zach fogell,BOS,60-day,D60,Injured 60-Day
688396,Zach Fruit,zach fruit,BAL,60-day,D60,Injured 60-Day
823226,Zach Harris,zach harris,COL,60-day,D60,Injured 60-Day
836051,Zach Rogacki,zach rogacki,COL,60-day,D60,Injured 60-Day
702539,Zach Root,zach root,LAD,7-day,D7,Injured 7-Day
677161,Zack Kelly,zack kelly,BOS,60-day,D60,Injured 60-Day
687253,Zack Morris,zack morris,COL,full-season,ILF,Injured - Full Season
668868,Zack Thompson,zack thompson,STL,60-day,D60,Injured 60-Day
821486,Zack Tukis,zack tukis,PHI,full-season,ILF,Injured - Full Season
677312,Zane Mills,zane mills,CHC,full-season,ILF,Injured - Full Season
