"last_name, first_name",mlbam_id,year,pa,bip,ba,est_ba,est_ba_minus_ba_diff,slg,est_slg,est_slg_minus_slg_diff,woba,est_woba,est_woba_minus_woba_diff,name,fetched
"Bregman, Alex",608324,2026,628,456,0.26,0.246,0.014,0.444,0.377,0.067,0.346,0.317,0.0289999999999999,Alex Bregman,2026-09-03
"Crow-Armstrong, Pete",691718,2026,627,378,0.28,0.257,0.023,0.568,0.493,0.0749999999999999,0.401,0.367,0.034,Pete Crow-Armstrong,2026-09-03
"Henderson, Gunnar",683002,2026,623,422,0.22,0.244,-0.0239999999999999,0.401,0.397,0.004,0.309,0.318,-0.009,Gunnar Henderson,2026-09-03
"Herrera, Iván",671056,2026,622,413,0.243,0.248,-0.005,0.374,0.371,0.003,0.33,0.331,-0.001,Iván Herrera,2026-09-03
"Busch, Michael",683737,2026,621,387,0.237,0.229,0.0079999999999999,0.389,0.396,-0.007,0.329,0.328,0.001,Michael Busch,2026-09-03
"Reynolds, Bryan",668804,2026,612,379,0.263,0.252,0.011,0.42,0.44,-0.02,0.35,0.352,-0.002,Bryan Reynolds,2026-09-03
"Tatis Jr., Fernando",665487,2026,609,436,0.284,0.295,-0.011,0.449,0.483,-0.0339999999999999,0.347,0.372,-0.025,Fernando Tatis Jr.,2026-09-03
"Olson, Matt",621566,2026,609,391,0.254,0.248,0.006,0.518,0.513,0.005,0.361,0.357,0.004,Matt Olson,2026-09-03
"McGonigle, Kevin",805808,2026,608,440,0.271,0.261,0.01,0.41,0.431,-0.021,0.349,0.35,-0.001,Kevin McGonigle,2026-09-03
"Stewart, Sal",701398,2026,607,416,0.266,0.257,0.009,0.485,0.483,0.002,0.352,0.35,0.002,Sal Stewart,2026-09-03
"Alonso, Pete",624413,2026,607,383,0.269,0.284,-0.0149999999999999,0.497,0.542,-0.045,0.37,0.392,-0.022,Pete Alonso,2026-09-03
"Caminero, Junior",691406,2026,606,422,0.281,0.273,0.008,0.531,0.494,0.037,0.382,0.363,0.019,Junior Caminero,2026-09-03
"Vargas, Miguel",678246,2026,605,405,0.249,0.269,-0.02,0.484,0.515,-0.031,0.366,0.388,-0.022,Miguel Vargas,2026-09-03
"Alvarez, Yordan",670541,2026,604,395,0.318,0.324,-0.006,0.605,0.656,-0.051,0.431,0.451,-0.02,Yordan Alvarez,2026-09-03
"Neto, Zach",687263,2026,603,354,0.236,0.21,0.0259999999999999,0.431,0.404,0.0269999999999999,0.328,0.306,0.022,Zach Neto,2026-09-03
"Turner, Trea",607208,2026,602,428,0.239,0.242,-0.003,0.376,0.364,0.012,0.294,0.292,0.002,Trea Turner,2026-09-03
"Schwarber, Kyle",656941,2026,601,309,0.24,0.237,0.003,0.517,0.49,0.027,0.372,0.362,0.01,Kyle Schwarber,2026-09-03
"Hoerner, Nico",663538,2026,600,499,0.261,0.298,-0.0369999999999999,0.358,0.374,-0.016,0.3,0.323,-0.023,Nico Hoerner,2026-09-03
"Abreu, Wilyer",677800,2026,599,411,0.26,0.255,0.005,0.471,0.475,-0.004,0.348,0.35,-0.002,Wilyer Abreu,2026-09-03
"Harper, Bryce",547180,2026,599,375,0.275,0.278,-0.003,0.509,0.504,0.005,0.39,0.394,-0.004,Bryce Harper,2026-09-03
"Devers, Rafael",646240,2026,598,380,0.254,0.235,0.019,0.501,0.464,0.0369999999999999,0.358,0.338,0.0199999999999999,Rafael Devers,2026-09-03
"Albies, Ozzie",645277,2026,597,462,0.254,0.232,0.0219999999999999,0.415,0.357,0.0579999999999999,0.315,0.286,0.029,Ozzie Albies,2026-09-03
"Díaz, Yandy",650490,2026,596,449,0.302,0.286,0.016,0.468,0.451,0.017,0.365,0.355,0.01,Yandy Díaz,2026-09-03
"Carroll, Corbin",682998,2026,593,386,0.241,0.249,-0.008,0.47,0.439,0.0309999999999999,0.348,0.343,0.0049999999999999,Corbin Carroll,2026-09-03
"Bichette, Bo",666182,2026,593,445,0.264,0.276,-0.012,0.393,0.413,-0.0199999999999999,0.309,0.323,-0.014,Bo Bichette,2026-09-03
"Ohtani, Shohei",660271,2026,592,362,0.279,0.29,-0.0109999999999999,0.525,0.558,-0.033,0.383,0.401,-0.018,Shohei Ohtani,2026-09-03
"Lopez, Otto",672640,2026,591,479,0.304,0.282,0.022,0.443,0.421,0.022,0.339,0.323,0.016,Otto Lopez,2026-09-03
"Turang, Brice",668930,2026,588,367,0.252,0.251,0.001,0.422,0.42,0.002,0.338,0.336,0.002,Brice Turang,2026-09-03
"Burleson, Alec",676475,2026,588,436,0.283,0.293,-0.01,0.468,0.522,-0.0539999999999999,0.353,0.375,-0.022,Alec Burleson,2026-09-03
"Aranda, Jonathan",666018,2026,587,382,0.276,0.263,0.013,0.418,0.447,-0.029,0.343,0.35,-0.0069999999999999,Jonathan Aranda,2026-09-03
"Perdomo, Geraldo",672695,2026,587,429,0.253,0.26,-0.007,0.369,0.349,0.02,0.329,0.329,0.0,Geraldo Perdomo,2026-09-03
"Ward, Taylor",621493,2026,586,359,0.227,0.241,-0.0139999999999999,0.316,0.363,-0.0469999999999999,0.314,0.335,-0.021,Taylor Ward,2026-09-03
"Wetherholt, JJ",802139,2026,586,412,0.242,0.256,-0.014,0.37,0.438,-0.068,0.322,0.351,-0.0289999999999999,JJ Wetherholt,2026-09-03
"Machado, Manny",592518,2026,582,389,0.219,0.248,-0.0289999999999999,0.403,0.423,-0.0199999999999999,0.31,0.332,-0.022,Manny Machado,2026-09-03
"Walker, Jordan",691023,2026,582,391,0.288,0.273,0.0149999999999999,0.504,0.485,0.019,0.366,0.353,0.013,Jordan Walker,2026-09-03
"Lile, Daylen",695734,2026,581,427,0.254,0.261,-0.007,0.438,0.442,-0.004,0.323,0.329,-0.006,Daylen Lile,2026-09-03
"Freeman, Freddie",518692,2026,580,418,0.306,0.301,0.005,0.467,0.488,-0.0209999999999999,0.371,0.377,-0.006,Freddie Freeman,2026-09-03
"Rice, Ben",700250,2026,577,360,0.253,0.264,-0.011,0.518,0.507,0.011,0.371,0.372,-0.001,Ben Rice,2026-09-03
"Arraez, Luis",650333,2026,576,519,0.315,0.289,0.026,0.429,0.379,0.0499999999999999,0.335,0.306,0.029,Luis Arraez,2026-09-03
"Merrill, Jackson",701538,2026,576,395,0.241,0.26,-0.019,0.418,0.472,-0.0539999999999999,0.308,0.336,-0.028,Jackson Merrill,2026-09-03
"Edwards, Xavier",669364,2026,574,432,0.282,0.261,0.0209999999999999,0.376,0.361,0.015,0.327,0.313,0.014,Xavier Edwards,2026-09-03
"Abrams, CJ",682928,2026,574,374,0.267,0.244,0.023,0.502,0.425,0.077,0.363,0.328,0.0349999999999999,CJ Abrams,2026-09-03
"Lowe, Brandon",664040,2026,573,351,0.256,0.236,0.02,0.485,0.428,0.0569999999999999,0.348,0.323,0.0249999999999999,Brandon Lowe,2026-09-03
"Arozarena, Randy",668227,2026,571,373,0.272,0.261,0.011,0.465,0.424,0.041,0.367,0.349,0.018,Randy Arozarena,2026-09-03
"Rafaela, Ceddanne",678882,2026,569,425,0.282,0.247,0.0349999999999999,0.443,0.358,0.085,0.33,0.282,0.048,Ceddanne Rafaela,2026-09-03
"Nimmo, Brandon",607043,2026,567,394,0.27,0.28,-0.01,0.429,0.473,-0.0439999999999999,0.334,0.357,-0.0229999999999999,Brandon Nimmo,2026-09-03
"Paredes, Isaac",670623,2026,565,415,0.257,0.245,0.012,0.42,0.365,0.0549999999999999,0.345,0.321,0.0239999999999999,Isaac Paredes,2026-09-03
"Happ, Ian",664023,2026,564,317,0.22,0.205,0.015,0.42,0.397,0.0229999999999999,0.328,0.312,0.016,Ian Happ,2026-09-03
"Rodríguez, Julio",677594,2026,561,387,0.245,0.265,-0.02,0.401,0.448,-0.0469999999999999,0.309,0.338,-0.029,Julio Rodríguez,2026-09-03
"Adell, Jo",666176,2026,561,385,0.241,0.259,-0.018,0.406,0.448,-0.0419999999999999,0.307,0.33,-0.023,Jo Adell,2026-09-03
"Young, Cole",702284,2026,560,417,0.244,0.262,-0.018,0.382,0.391,-0.009,0.306,0.316,-0.01,Cole Young,2026-09-03
"Meidroth, Chase",805367,2026,560,380,0.271,0.236,0.035,0.399,0.335,0.064,0.331,0.294,0.037,Chase Meidroth,2026-09-03
"Contreras, William",661388,2026,559,426,0.274,0.263,0.011,0.405,0.441,-0.0359999999999999,0.328,0.337,-0.009,William Contreras,2026-09-03
"Naylor, Josh",647304,2026,557,439,0.268,0.27,-0.002,0.364,0.385,-0.021,0.307,0.314,-0.007,Josh Naylor,2026-09-03
"Benge, Carson",701807,2026,554,388,0.278,0.279,-0.001,0.42,0.434,-0.014,0.334,0.338,-0.004,Carson Benge,2026-09-03
"Montgomery, Colson",695657,2026,554,308,0.215,0.211,0.004,0.435,0.41,0.025,0.318,0.305,0.013,Colson Montgomery,2026-09-03
"Walker, Christian",572233,2026,552,367,0.226,0.224,0.002,0.425,0.382,0.0429999999999999,0.317,0.3,0.017,Christian Walker,2026-09-03
"Rumfield, TJ",681198,2026,552,402,0.291,0.257,0.0339999999999999,0.442,0.381,0.061,0.367,0.331,0.0359999999999999,TJ Rumfield,2026-09-03
"Okamoto, Kazuma",672960,2026,550,331,0.227,0.217,0.01,0.44,0.43,0.01,0.323,0.318,0.005,Kazuma Okamoto,2026-09-03
"Riley, Austin",663586,2026,550,325,0.223,0.213,0.01,0.36,0.391,-0.031,0.291,0.298,-0.007,Austin Riley,2026-09-03
"Pages, Andy",681624,2026,550,391,0.272,0.272,0.0,0.458,0.438,0.02,0.346,0.34,0.0059999999999999,Andy Pages,2026-09-03
"Bell, Josh",605137,2026,547,387,0.255,0.251,0.004,0.417,0.431,-0.014,0.323,0.328,-0.005,Josh Bell,2026-09-03
"Duran, Jarren",680776,2026,545,356,0.206,0.237,-0.031,0.365,0.391,-0.026,0.272,0.3,-0.0279999999999999,Jarren Duran,2026-09-03
"Perez, Salvador",521692,2026,544,402,0.221,0.237,-0.0159999999999999,0.375,0.417,-0.0419999999999999,0.278,0.303,-0.0249999999999999,Salvador Perez,2026-09-03
"Clement, Ernie",676391,2026,543,469,0.275,0.249,0.026,0.387,0.328,0.059,0.3,0.266,0.0339999999999999,Ernie Clement,2026-09-03
"Bohm, Alec",664761,2026,543,420,0.246,0.26,-0.014,0.382,0.406,-0.024,0.304,0.321,-0.017,Alec Bohm,2026-09-03
"Suzuki, Seiya",673548,2026,542,336,0.275,0.25,0.025,0.489,0.432,0.0569999999999999,0.373,0.342,0.0309999999999999,Seiya Suzuki,2026-09-03
"De La Cruz, Elly",682829,2026,541,333,0.273,0.275,-0.002,0.476,0.472,0.004,0.361,0.362,-0.001,Elly De La Cruz,2026-09-03
"Gonzales, Nick",693304,2026,541,403,0.31,0.283,0.027,0.397,0.384,0.013,0.344,0.326,0.0179999999999999,Nick Gonzales,2026-09-03
"Trout, Mike",545361,2026,540,303,0.239,0.251,-0.012,0.423,0.488,-0.065,0.35,0.377,-0.027,Mike Trout,2026-09-03
"Lee, Brooks",686797,2026,540,417,0.25,0.226,0.0239999999999999,0.435,0.342,0.0929999999999999,0.319,0.273,0.0459999999999999,Brooks Lee,2026-09-03
"Dingler, Dillon",693307,2026,539,369,0.248,0.265,-0.017,0.466,0.471,-0.0049999999999999,0.338,0.348,-0.0099999999999999,Dillon Dingler,2026-09-03
"Wood, James",695578,2026,539,291,0.265,0.276,-0.011,0.533,0.583,-0.0499999999999999,0.394,0.418,-0.0239999999999999,James Wood,2026-09-03
"Tucker, Kyle",663656,2026,538,373,0.227,0.253,-0.0259999999999999,0.354,0.375,-0.021,0.306,0.325,-0.019,Kyle Tucker,2026-09-03
"Kwan, Steven",680757,2026,537,408,0.273,0.27,0.003,0.333,0.333,0.0,0.324,0.322,0.002,Steven Kwan,2026-09-03
"Witt Jr., Bobby",677951,2026,536,386,0.285,0.305,-0.02,0.449,0.511,-0.062,0.35,0.383,-0.033,Bobby Witt Jr.,2026-09-03
"Harris II, Michael",671739,2026,536,407,0.295,0.289,0.006,0.503,0.482,0.021,0.354,0.344,0.01,Michael Harris II,2026-09-03
"Torkelson, Spencer",679529,2026,532,300,0.221,0.213,0.008,0.409,0.396,0.0129999999999999,0.32,0.311,0.009,Spencer Torkelson,2026-09-03
"Dubón, Mauricio",643289,2026,532,432,0.266,0.268,-0.002,0.383,0.374,0.009,0.306,0.304,0.002,Mauricio Dubón,2026-09-03
"Marsee, Jakob",805300,2026,531,337,0.209,0.22,-0.011,0.329,0.317,0.012,0.303,0.304,-0.001,Jakob Marsee,2026-09-03
"Simpson, Chandler",802415,2026,530,463,0.312,0.257,0.0549999999999999,0.365,0.294,0.071,0.311,0.262,0.0489999999999999,Chandler Simpson,2026-09-03
"Guerrero Jr., Vladimir",665489,2026,528,409,0.262,0.283,-0.0209999999999999,0.36,0.402,-0.042,0.307,0.333,-0.026,Vladimir Guerrero Jr.,2026-09-03
"Burger, Jake",669394,2026,528,343,0.234,0.232,0.002,0.421,0.416,0.005,0.314,0.31,0.004,Jake Burger,2026-09-03
"Marte, Ketel",606466,2026,527,401,0.251,0.278,-0.027,0.444,0.467,-0.023,0.329,0.351,-0.0219999999999999,Ketel Marte,2026-09-03
"Bogaerts, Xander",593428,2026,527,364,0.219,0.246,-0.0269999999999999,0.323,0.376,-0.0529999999999999,0.293,0.323,-0.03,Xander Bogaerts,2026-09-03
"Keaschall, Luke",807712,2026,527,379,0.278,0.247,0.031,0.396,0.363,0.033,0.342,0.317,0.025,Luke Keaschall,2026-09-03
"Stott, Bryson",681082,2026,526,383,0.255,0.267,-0.012,0.403,0.401,0.002,0.324,0.328,-0.004,Bryson Stott,2026-09-03
"Lee, Jung Hoo",808982,2026,522,437,0.282,0.29,-0.008,0.41,0.384,0.0259999999999999,0.323,0.318,0.005,Jung Hoo Lee,2026-09-03
"Jensen, Carter",695600,2026,521,313,0.226,0.207,0.019,0.426,0.384,0.0419999999999999,0.323,0.301,0.022,Carter Jensen,2026-09-03
"Baldwin, Drake",686948,2026,518,350,0.276,0.276,0.0,0.452,0.495,-0.0429999999999999,0.354,0.368,-0.014,Drake Baldwin,2026-09-03
"Contreras, Willson",575929,2026,517,307,0.274,0.254,0.02,0.516,0.483,0.033,0.39,0.374,0.016,Willson Contreras,2026-09-03
"Marsh, Brandon",669016,2026,516,353,0.268,0.256,0.012,0.421,0.409,0.012,0.318,0.306,0.012,Brandon Marsh,2026-09-03
"Rocchio, Brayan",677587,2026,512,397,0.246,0.244,0.002,0.361,0.347,0.014,0.296,0.291,0.005,Brayan Rocchio,2026-09-03
"Arenado, Nolan",571448,2026,511,356,0.234,0.221,0.013,0.422,0.341,0.0809999999999999,0.319,0.284,0.035,Nolan Arenado,2026-09-03
"Chisholm Jr., Jazz",665862,2026,509,303,0.231,0.216,0.015,0.406,0.37,0.036,0.313,0.295,0.018,Jazz Chisholm Jr.,2026-09-03
"Durbin, Caleb",702332,2026,507,387,0.251,0.236,0.015,0.386,0.318,0.068,0.316,0.287,0.029,Caleb Durbin,2026-09-03
"Duran, Ezequiel",677649,2026,507,343,0.276,0.244,0.032,0.455,0.378,0.077,0.344,0.304,0.0399999999999999,Ezequiel Duran,2026-09-03
"Adames, Willy",642715,2026,505,327,0.23,0.222,0.008,0.424,0.391,0.0329999999999999,0.311,0.296,0.015,Willy Adames,2026-09-03
"Bauers, Jake",641343,2026,503,290,0.27,0.257,0.013,0.49,0.472,0.018,0.383,0.372,0.011,Jake Bauers,2026-09-03
"Greene, Riley",682985,2026,502,299,0.269,0.254,0.015,0.444,0.471,-0.0269999999999999,0.351,0.358,-0.007,Riley Greene,2026-09-03
"Caglianone, Jac",695506,2026,501,335,0.282,0.28,0.0019999999999999,0.495,0.507,-0.012,0.356,0.358,-0.002,Jac Caglianone,2026-09-03
"McCarthy, Jake",664983,2026,500,386,0.292,0.274,0.0179999999999999,0.481,0.406,0.0749999999999999,0.35,0.319,0.0309999999999999,Jake McCarthy,2026-09-03
"Clemens, Kody",665019,2026,498,345,0.236,0.254,-0.018,0.468,0.468,0.0,0.329,0.339,-0.01,Kody Clemens,2026-09-03
"Goodman, Hunter",696100,2026,497,288,0.252,0.227,0.0249999999999999,0.537,0.462,0.075,0.363,0.324,0.0389999999999999,Hunter Goodman,2026-09-03
"Hicks, Liam",689414,2026,493,385,0.287,0.256,0.0309999999999999,0.442,0.353,0.089,0.356,0.315,0.0409999999999999,Liam Hicks,2026-09-03
"Smith, Cam",701358,2026,491,325,0.213,0.241,-0.0279999999999999,0.388,0.423,-0.0349999999999999,0.292,0.32,-0.028,Cam Smith,2026-09-03
"Winn, Masyn",691026,2026,490,334,0.238,0.248,-0.01,0.326,0.333,-0.007,0.289,0.299,-0.01,Masyn Winn,2026-09-03
"DeLauter, Chase",800050,2026,488,365,0.294,0.277,0.0169999999999999,0.455,0.425,0.03,0.359,0.344,0.015,Chase DeLauter,2026-09-03
"Grisham, Trent",663757,2026,483,333,0.211,0.245,-0.034,0.395,0.429,-0.0339999999999999,0.31,0.337,-0.027,Trent Grisham,2026-09-03
"Bellinger, Cody",641355,2026,481,349,0.267,0.278,-0.011,0.42,0.417,0.003,0.339,0.345,-0.0059999999999999,Cody Bellinger,2026-09-03
"Muncy, Max",571970,2026,480,297,0.247,0.241,0.006,0.487,0.471,0.016,0.359,0.349,0.01,Max Muncy,2026-09-03
"Altuve, Jose",514888,2026,479,340,0.244,0.222,0.0219999999999999,0.392,0.326,0.066,0.309,0.275,0.0339999999999999,Jose Altuve,2026-09-03
"García Jr., Luis",671277,2026,478,376,0.285,0.285,0.0,0.547,0.5,0.047,0.369,0.351,0.018,Luis García Jr.,2026-09-03
"Antonacci, Sam",803011,2026,477,337,0.265,0.273,-0.008,0.387,0.391,-0.004,0.34,0.344,-0.0039999999999999,Sam Antonacci,2026-09-03
"Castro, Willi",650489,2026,477,301,0.26,0.236,0.024,0.417,0.39,0.0269999999999999,0.33,0.309,0.021,Willi Castro,2026-09-03
"Chourio, Jackson",694192,2026,476,324,0.287,0.258,0.0289999999999999,0.487,0.469,0.018,0.359,0.338,0.0209999999999999,Jackson Chourio,2026-09-03
"Varsho, Daulton",662139,2026,470,335,0.228,0.233,-0.005,0.359,0.354,0.005,0.289,0.288,0.001,Daulton Varsho,2026-09-03
"Bleday, JJ",668709,2026,467,300,0.222,0.246,-0.0239999999999999,0.437,0.437,0.0,0.338,0.35,-0.0119999999999999,JJ Bleday,2026-09-03
"Semien, Marcus",543760,2026,467,330,0.218,0.248,-0.03,0.348,0.385,-0.037,0.281,0.307,-0.0259999999999999,Marcus Semien,2026-09-03
"Moreno, Gabriel",672515,2026,460,335,0.298,0.288,0.01,0.46,0.45,0.01,0.365,0.363,0.002,Gabriel Moreno,2026-09-03
"Nuñez, Nasim",683083,2026,458,318,0.214,0.222,-0.008,0.249,0.276,-0.027,0.253,0.267,-0.014,Nasim Nuñez,2026-09-03
"Swanson, Dansby",621020,2026,458,302,0.216,0.223,-0.007,0.404,0.389,0.015,0.309,0.306,0.003,Dansby Swanson,2026-09-03
"Murakami, Munetaka",808959,2026,456,219,0.215,0.211,0.004,0.487,0.478,0.009,0.364,0.358,0.006,Munetaka Murakami,2026-09-03
"Collins, Isaac",686555,2026,455,294,0.23,0.227,0.003,0.35,0.318,0.0319999999999999,0.307,0.298,0.009,Isaac Collins,2026-09-03
"Ramírez, José",608070,2026,454,336,0.242,0.279,-0.037,0.388,0.416,-0.0279999999999999,0.315,0.342,-0.027,José Ramírez,2026-09-03
"Mullins, Cedric",656775,2026,453,316,0.208,0.19,0.0179999999999999,0.354,0.316,0.0379999999999999,0.286,0.265,0.0209999999999999,Cedric Mullins,2026-09-03
"Soderstrom, Tyler",691016,2026,453,306,0.245,0.246,-0.001,0.472,0.411,0.061,0.35,0.327,0.0229999999999999,Tyler Soderstrom,2026-09-03
"Mitchell, Garrett",669003,2026,452,252,0.26,0.26,0.0,0.411,0.437,-0.026,0.339,0.348,-0.0089999999999999,Garrett Mitchell,2026-09-03
"Tovar, Ezequiel",678662,2026,450,306,0.209,0.223,-0.014,0.333,0.363,-0.0299999999999999,0.259,0.277,-0.018,Ezequiel Tovar,2026-09-03
"Springer, George",543807,2026,448,317,0.251,0.235,0.016,0.417,0.378,0.0389999999999999,0.327,0.306,0.021,George Springer,2026-09-03
"Butler, Lawrence",671732,2026,446,274,0.23,0.24,-0.0099999999999999,0.37,0.377,-0.007,0.311,0.321,-0.01,Lawrence Butler,2026-09-03
"Schanuel, Nolan",694384,2026,446,340,0.276,0.286,-0.0099999999999999,0.385,0.389,-0.004,0.328,0.335,-0.007,Nolan Schanuel,2026-09-03
"Vargas, Ildemaro",545121,2026,443,372,0.251,0.273,-0.022,0.384,0.37,0.014,0.295,0.3,-0.005,Ildemaro Vargas,2026-09-03
"Giménez, Andrés",665926,2026,442,328,0.243,0.23,0.0129999999999999,0.356,0.324,0.0319999999999999,0.283,0.268,0.0149999999999999,Andrés Giménez,2026-09-03
"Bazzana, Travis",683953,2026,437,289,0.235,0.223,0.0119999999999999,0.362,0.336,0.0259999999999999,0.309,0.295,0.014,Travis Bazzana,2026-09-03
"Raleigh, Cal",663728,2026,437,239,0.172,0.184,-0.012,0.359,0.392,-0.033,0.29,0.308,-0.018,Cal Raleigh,2026-09-03
"McNeil, Jeff",643446,2026,437,357,0.268,0.279,-0.011,0.367,0.371,-0.004,0.303,0.307,-0.004,Jeff McNeil,2026-09-03
"Taveras, Leody",665750,2026,435,285,0.221,0.214,0.007,0.354,0.324,0.0299999999999999,0.29,0.277,0.0129999999999999,Leody Taveras,2026-09-03
"McLain, Matt",680574,2026,435,264,0.188,0.22,-0.032,0.336,0.376,-0.0399999999999999,0.279,0.306,-0.0269999999999999,Matt McLain,2026-09-03
"Betts, Mookie",605141,2026,434,350,0.244,0.275,-0.031,0.42,0.425,-0.005,0.315,0.329,-0.014,Mookie Betts,2026-09-03
"Kurtz, Nick",701762,2026,434,211,0.256,0.244,0.012,0.483,0.483,0.0,0.381,0.374,0.007,Nick Kurtz,2026-09-03
"Canzone, Dominic",686527,2026,434,296,0.255,0.269,-0.014,0.487,0.491,-0.004,0.352,0.358,-0.006,Dominic Canzone,2026-09-03
"Stowers, Kyle",669065,2026,433,246,0.247,0.234,0.0129999999999999,0.47,0.442,0.0279999999999999,0.346,0.332,0.0139999999999999,Kyle Stowers,2026-09-03
"Lewis, Royce",668904,2026,430,285,0.235,0.243,-0.008,0.403,0.41,-0.0069999999999999,0.309,0.316,-0.007,Royce Lewis,2026-09-03
"Yelich, Christian",592885,2026,427,270,0.241,0.236,0.005,0.393,0.396,-0.003,0.313,0.315,-0.002,Christian Yelich,2026-09-03
"Suárez, Eugenio",553993,2026,426,227,0.206,0.192,0.0139999999999999,0.41,0.338,0.0719999999999999,0.311,0.282,0.029,Eugenio Suárez,2026-09-03
"Young, Jacob",696285,2026,422,313,0.249,0.259,-0.01,0.394,0.388,0.006,0.314,0.317,-0.003,Jacob Young,2026-09-03
"Peters, Tristan",671976,2026,421,306,0.279,0.254,0.025,0.468,0.395,0.073,0.354,0.317,0.0369999999999999,Tristan Peters,2026-09-03
"France, Ty",664034,2026,418,284,0.292,0.251,0.0409999999999999,0.512,0.426,0.086,0.375,0.33,0.0449999999999999,Ty France,2026-09-03
"Baty, Brett",683146,2026,417,261,0.223,0.232,-0.009,0.34,0.383,-0.0429999999999999,0.283,0.305,-0.022,Brett Baty,2026-09-03
"Mangum, Jake",663968,2026,416,300,0.286,0.245,0.0409999999999999,0.37,0.323,0.0469999999999999,0.318,0.282,0.036,Jake Mangum,2026-09-03
"Langeliers, Shea",669127,2026,416,281,0.263,0.268,-0.005,0.497,0.513,-0.016,0.357,0.363,-0.006,Shea Langeliers,2026-09-03
"Benintendi, Andrew",643217,2026,416,285,0.245,0.244,0.001,0.423,0.404,0.0189999999999999,0.315,0.309,0.006,Andrew Benintendi,2026-09-03
"Caballero, José",676609,2026,414,283,0.236,0.232,0.0039999999999999,0.371,0.342,0.0289999999999999,0.292,0.279,0.0129999999999999,José Caballero,2026-09-03
"Sheets, Gavin",657757,2026,412,274,0.211,0.23,-0.019,0.388,0.379,0.009,0.313,0.317,-0.004,Gavin Sheets,2026-09-03
"Larnach, Trevor",663616,2026,411,292,0.267,0.262,0.005,0.424,0.399,0.0249999999999999,0.343,0.331,0.012,Trevor Larnach,2026-09-03
"Schmitt, Casey",669477,2026,409,310,0.271,0.288,-0.0169999999999999,0.483,0.512,-0.029,0.336,0.355,-0.0189999999999999,Casey Schmitt,2026-09-03
"Ewing, A.J.",805999,2026,409,262,0.237,0.249,-0.012,0.347,0.385,-0.038,0.294,0.312,-0.018,A.J. Ewing,2026-09-03
"Pederson, Joc",592626,2026,408,260,0.235,0.243,-0.008,0.482,0.444,0.0379999999999999,0.35,0.343,0.0069999999999999,Joc Pederson,2026-09-03
"Buxton, Byron",621439,2026,408,272,0.254,0.248,0.006,0.511,0.488,0.023,0.355,0.343,0.0119999999999999,Byron Buxton,2026-09-03
"Crawford, Justin",702222,2026,408,309,0.266,0.255,0.011,0.349,0.317,0.0319999999999999,0.296,0.282,0.014,Justin Crawford,2026-09-03
"Hernández, Heriberto",681715,2026,404,250,0.232,0.25,-0.0179999999999999,0.466,0.489,-0.0229999999999999,0.34,0.356,-0.0159999999999999,Heriberto Hernández,2026-09-03
"Johnston, Troy",687859,2026,404,292,0.287,0.28,0.0069999999999999,0.404,0.385,0.019,0.338,0.329,0.009,Troy Johnston,2026-09-03
"Karros, Kyle",691720,2026,403,267,0.263,0.255,0.008,0.419,0.402,0.0169999999999999,0.344,0.338,0.0059999999999999,Kyle Karros,2026-09-03
"Walls, Taylor",670764,2026,402,261,0.222,0.192,0.03,0.297,0.261,0.0359999999999999,0.277,0.251,0.026,Taylor Walls,2026-09-03
"Hernández, Teoscar",606192,2026,401,255,0.253,0.248,0.005,0.398,0.417,-0.0189999999999999,0.313,0.319,-0.006,Teoscar Hernández,2026-09-03
"O'Hearn, Ryan",656811,2026,398,276,0.27,0.254,0.016,0.454,0.41,0.044,0.343,0.321,0.022,Ryan O'Hearn,2026-09-03
"Stephenson, Tyler",663886,2026,398,245,0.249,0.245,0.004,0.423,0.451,-0.028,0.33,0.338,-0.008,Tyler Stephenson,2026-09-03
"Sanoja, Javier",691594,2026,397,342,0.287,0.265,0.0219999999999999,0.429,0.341,0.0879999999999999,0.33,0.286,0.044,Javier Sanoja,2026-09-03
"Pasquantino, Vinnie",686469,2026,397,286,0.241,0.248,-0.007,0.374,0.406,-0.032,0.312,0.325,-0.013,Vinnie Pasquantino,2026-09-03
"Jung, Josh",673962,2026,396,286,0.294,0.286,0.008,0.441,0.432,0.009,0.353,0.347,0.006,Josh Jung,2026-09-03
"Realmuto, J.T.",592663,2026,396,277,0.222,0.261,-0.039,0.356,0.397,-0.041,0.29,0.324,-0.034,J.T. Realmuto,2026-09-03
"Crawford, J.P.",641487,2026,394,252,0.221,0.238,-0.0169999999999999,0.347,0.359,-0.012,0.313,0.322,-0.009,J.P. Crawford,2026-09-03
"Carter, Evan",694497,2026,394,252,0.192,0.198,-0.006,0.314,0.316,-0.002,0.276,0.278,-0.002,Evan Carter,2026-09-03
"Horwitz, Spencer",687462,2026,392,277,0.248,0.224,0.0239999999999999,0.379,0.351,0.028,0.326,0.312,0.014,Spencer Horwitz,2026-09-03
"Keith, Colt",690993,2026,391,283,0.258,0.276,-0.018,0.402,0.428,-0.0259999999999999,0.318,0.335,-0.017,Colt Keith,2026-09-03
"Church, Nathan",701675,2026,391,297,0.242,0.242,0.0,0.367,0.361,0.006,0.286,0.285,0.001,Nathan Church,2026-09-03
"Eldridge, Bryce",805811,2026,390,238,0.263,0.258,0.005,0.45,0.469,-0.0189999999999999,0.354,0.357,-0.003,Bryce Eldridge,2026-09-03
"Peña, Jeremy",665161,2026,388,273,0.281,0.276,0.005,0.475,0.428,0.0469999999999999,0.352,0.333,0.0189999999999999,Jeremy Peña,2026-09-03
"Steer, Spencer",668715,2026,384,256,0.238,0.246,-0.008,0.421,0.452,-0.031,0.326,0.342,-0.016,Spencer Steer,2026-09-03
"Ramos, Heliot",671218,2026,383,250,0.241,0.256,-0.015,0.395,0.442,-0.0469999999999999,0.304,0.326,-0.022,Heliot Ramos,2026-09-03
"Acuña Jr., Ronald",660670,2026,383,241,0.243,0.252,-0.009,0.416,0.464,-0.048,0.336,0.357,-0.0209999999999999,Ronald Acuña Jr.,2026-09-03
"McKinstry, Zach",656716,2026,381,280,0.211,0.231,-0.02,0.31,0.313,-0.003,0.273,0.283,-0.0099999999999999,Zach McKinstry,2026-09-03
"Moniak, Mickey",666160,2026,380,259,0.251,0.216,0.035,0.5,0.394,0.1059999999999999,0.336,0.283,0.053,Mickey Moniak,2026-09-03
"Grissom, Vaughn",687093,2026,380,279,0.249,0.253,-0.004,0.395,0.398,-0.003,0.31,0.317,-0.007,Vaughn Grissom,2026-09-03
"Langford, Wyatt",694671,2026,379,259,0.251,0.239,0.012,0.447,0.392,0.0549999999999999,0.342,0.316,0.026,Wyatt Langford,2026-09-03
"Soto, Juan",665742,2026,377,261,0.281,0.297,-0.0159999999999999,0.542,0.593,-0.0509999999999999,0.4,0.422,-0.0219999999999999,Juan Soto,2026-09-03
"Bolte, Henry",703607,2026,376,232,0.274,0.246,0.028,0.389,0.367,0.022,0.331,0.31,0.021,Henry Bolte,2026-09-03
"Lukes, Nathan",664770,2026,373,289,0.263,0.251,0.012,0.385,0.339,0.0459999999999999,0.311,0.287,0.024,Nathan Lukes,2026-09-03
"Massey, Michael",686681,2026,370,289,0.279,0.249,0.03,0.448,0.409,0.039,0.328,0.304,0.024,Michael Massey,2026-09-03
"Mayo, Coby",691723,2026,369,220,0.22,0.228,-0.008,0.445,0.447,-0.002,0.316,0.32,-0.004,Coby Mayo,2026-09-03
"Kelly, Carson",608348,2026,369,268,0.262,0.242,0.02,0.393,0.378,0.015,0.33,0.314,0.016,Carson Kelly,2026-09-03
"Thomas, Lane",657041,2026,368,233,0.227,0.241,-0.0139999999999999,0.389,0.37,0.019,0.316,0.314,0.002,Lane Thomas,2026-09-03
"Lowe, Nathaniel",663993,2026,368,246,0.254,0.266,-0.012,0.453,0.434,0.019,0.333,0.332,0.001,Nathaniel Lowe,2026-09-03
"Loftin, Nick",679845,2026,363,261,0.238,0.227,0.0109999999999999,0.392,0.337,0.0549999999999999,0.32,0.298,0.022,Nick Loftin,2026-09-03
"Crews, Dylan",686611,2026,362,241,0.216,0.235,-0.0189999999999999,0.356,0.406,-0.05,0.287,0.311,-0.024,Dylan Crews,2026-09-03
"Soler, Jorge",624585,2026,361,202,0.203,0.206,-0.0029999999999999,0.373,0.362,0.011,0.295,0.294,0.001,Jorge Soler,2026-09-03
"Lindor, Francisco",596019,2026,361,252,0.231,0.245,-0.0139999999999999,0.424,0.444,-0.02,0.325,0.338,-0.013,Francisco Lindor,2026-09-03
"Alvarez, Francisco",682626,2026,359,207,0.231,0.228,0.003,0.392,0.421,-0.0289999999999999,0.314,0.322,-0.008,Francisco Alvarez,2026-09-03
"Basallo, Samuel",694212,2026,357,229,0.23,0.235,-0.0049999999999999,0.425,0.444,-0.019,0.315,0.322,-0.007,Samuel Basallo,2026-09-03
"Manzardo, Kyle",700932,2026,356,200,0.215,0.22,-0.005,0.378,0.38,-0.002,0.305,0.307,-0.002,Kyle Manzardo,2026-09-03
"Ortiz, Joey",687401,2026,354,258,0.256,0.237,0.019,0.39,0.34,0.0499999999999999,0.313,0.295,0.018,Joey Ortiz,2026-09-03
"Rengifo, Luis",650859,2026,354,268,0.24,0.253,-0.013,0.317,0.345,-0.0279999999999999,0.289,0.304,-0.015,Luis Rengifo,2026-09-03
"Torres, Gleyber",650402,2026,354,237,0.262,0.25,0.012,0.382,0.373,0.009,0.335,0.326,0.009,Gleyber Torres,2026-09-03
"Goldschmidt, Paul",502671,2026,352,240,0.252,0.238,0.014,0.461,0.423,0.038,0.334,0.313,0.021,Paul Goldschmidt,2026-09-03
"Chapman, Matt",656305,2026,352,229,0.235,0.21,0.0249999999999999,0.368,0.319,0.0489999999999999,0.309,0.286,0.023,Matt Chapman,2026-09-03
"Yastrzemski, Mike",573262,2026,351,227,0.225,0.235,-0.0099999999999999,0.373,0.366,0.007,0.303,0.307,-0.004,Mike Yastrzemski,2026-09-03
"Martínez, Angel",682657,2026,349,255,0.247,0.258,-0.011,0.438,0.408,0.03,0.314,0.307,0.007,Angel Martínez,2026-09-03
"Gilbert, Drew",687551,2026,346,243,0.234,0.257,-0.0229999999999999,0.378,0.391,-0.013,0.312,0.329,-0.017,Drew Gilbert,2026-09-03
"Caratini, Victor",605170,2026,345,233,0.222,0.234,-0.012,0.324,0.377,-0.0529999999999999,0.29,0.319,-0.029,Victor Caratini,2026-09-03
"Peraza, Oswald",672724,2026,344,217,0.224,0.223,0.001,0.341,0.334,0.007,0.277,0.273,0.004,Oswald Peraza,2026-09-03
"Gelof, Zack",680869,2026,343,225,0.256,0.225,0.031,0.453,0.397,0.0559999999999999,0.34,0.305,0.035,Zack Gelof,2026-09-03
"Rutschman, Adley",668939,2026,343,250,0.237,0.262,-0.025,0.4,0.419,-0.0189999999999999,0.316,0.338,-0.022,Adley Rutschman,2026-09-03
"Cowser, Colton",681297,2026,342,199,0.215,0.221,-0.006,0.366,0.419,-0.0529999999999999,0.3,0.32,-0.02,Colton Cowser,2026-09-03
"Palacios, Richie",680700,2026,342,239,0.226,0.242,-0.0159999999999999,0.341,0.329,0.012,0.3,0.303,-0.003,Richie Palacios,2026-09-03
"Cronenworth, Jake",630105,2026,341,224,0.215,0.214,0.001,0.291,0.298,-0.007,0.273,0.273,0.0,Jake Cronenworth,2026-09-03
"Seager, Corey",608369,2026,340,214,0.223,0.248,-0.0249999999999999,0.404,0.469,-0.0649999999999999,0.318,0.35,-0.0319999999999999,Corey Seager,2026-09-03
"Hamilton, David",666152,2026,339,235,0.241,0.222,0.0189999999999999,0.332,0.311,0.021,0.292,0.275,0.0169999999999999,David Hamilton,2026-09-03
"Cruz, Oneil",665833,2026,339,182,0.271,0.25,0.021,0.485,0.486,-0.001,0.365,0.354,0.011,Oneil Cruz,2026-09-03
"Frelick, Sal",686217,2026,338,266,0.238,0.244,-0.006,0.332,0.324,0.008,0.285,0.284,0.001,Sal Frelick,2026-09-03
"Wilson, Jacob",805779,2026,337,283,0.266,0.262,0.004,0.388,0.345,0.043,0.301,0.282,0.019,Jacob Wilson,2026-09-03
"Martin, Austin",668885,2026,335,225,0.241,0.24,0.001,0.333,0.326,0.007,0.315,0.311,0.004,Austin Martin,2026-09-03
"Heim, Jonah",641680,2026,332,245,0.215,0.231,-0.016,0.396,0.378,0.018,0.293,0.295,-0.002,Jonah Heim,2026-09-03
"Triolo, Jared",669707,2026,330,232,0.245,0.247,-0.002,0.316,0.324,-0.008,0.29,0.292,-0.002,Jared Triolo,2026-09-03
"Wells, Austin",669224,2026,330,204,0.19,0.214,-0.0239999999999999,0.317,0.359,-0.0419999999999999,0.268,0.293,-0.0249999999999999,Austin Wells,2026-09-03
"Mead, Curtis",678554,2026,329,222,0.253,0.259,-0.006,0.498,0.457,0.0409999999999999,0.37,0.358,0.012,Curtis Mead,2026-09-03
"Cortes, Carlos",666126,2026,328,242,0.259,0.246,0.013,0.399,0.374,0.025,0.322,0.307,0.015,Carlos Cortes,2026-09-03
"Monasterio, Andruw",655316,2026,318,232,0.248,0.24,0.008,0.399,0.371,0.028,0.31,0.299,0.011,Andruw Monasterio,2026-09-03
"Hoskins, Rhys",656555,2026,317,167,0.179,0.174,0.005,0.376,0.348,0.028,0.305,0.297,0.008,Rhys Hoskins,2026-09-03
"Fermín, José",665877,2026,317,246,0.241,0.249,-0.008,0.355,0.342,0.0129999999999999,0.295,0.294,0.001,José Fermín,2026-09-03
"Holliday, Jackson",702616,2026,315,208,0.239,0.245,-0.006,0.362,0.369,-0.007,0.301,0.307,-0.006,Jackson Holliday,2026-09-03
"Ruiz, Keibert",660688,2026,315,262,0.282,0.243,0.0389999999999999,0.449,0.365,0.084,0.333,0.284,0.049,Keibert Ruiz,2026-09-03
"Vivas, Jorbit",678391,2026,313,231,0.242,0.243,-0.001,0.328,0.321,0.007,0.303,0.301,0.002,Jorbit Vivas,2026-09-03
"Norby, Connor",681393,2026,312,178,0.219,0.206,0.013,0.348,0.338,0.0099999999999999,0.304,0.294,0.01,Connor Norby,2026-09-03
"McMahon, Ryan",641857,2026,311,190,0.217,0.234,-0.017,0.367,0.394,-0.027,0.29,0.306,-0.016,Ryan McMahon,2026-09-03
"Garcia, Maikel",672580,2026,309,238,0.269,0.276,-0.007,0.385,0.377,0.008,0.313,0.317,-0.004,Maikel Garcia,2026-09-03
"Caissie, Owen",683357,2026,308,166,0.223,0.211,0.012,0.416,0.401,0.0149999999999999,0.304,0.298,0.006,Owen Caissie,2026-09-03
"Jeffers, Ryan",680777,2026,306,213,0.276,0.255,0.021,0.506,0.449,0.0569999999999999,0.381,0.357,0.024,Ryan Jeffers,2026-09-03
"DeLuca, Jonny",676356,2026,302,227,0.262,0.235,0.027,0.427,0.337,0.0899999999999999,0.313,0.266,0.0469999999999999,Jonny DeLuca,2026-09-03
"Young, Jared",676724,2026,299,215,0.265,0.239,0.026,0.434,0.386,0.0479999999999999,0.331,0.307,0.024,Jared Young,2026-09-03
"Vaughn, Andrew",683734,2026,298,214,0.314,0.269,0.0449999999999999,0.453,0.384,0.069,0.376,0.334,0.0419999999999999,Andrew Vaughn,2026-09-03
"Yoshida, Masataka",807799,2026,297,233,0.274,0.262,0.012,0.399,0.372,0.027,0.33,0.318,0.012,Masataka Yoshida,2026-09-03
"Bailey, Patrick",672275,2026,292,195,0.206,0.244,-0.038,0.332,0.405,-0.073,0.269,0.312,-0.0429999999999999,Patrick Bailey,2026-09-03
"House, Brady",691781,2026,292,187,0.242,0.261,-0.019,0.405,0.446,-0.0409999999999999,0.312,0.334,-0.022,Brady House,2026-09-03
"Montgomery, Braden",695731,2026,291,199,0.223,0.255,-0.032,0.352,0.386,-0.034,0.299,0.326,-0.027,Braden Montgomery,2026-09-03
"Vierling, Matt",663837,2026,291,223,0.207,0.256,-0.049,0.335,0.381,-0.0459999999999999,0.259,0.304,-0.0449999999999999,Matt Vierling,2026-09-03
"Sánchez, Jesús",660821,2026,290,198,0.262,0.26,0.002,0.423,0.433,-0.01,0.324,0.329,-0.005,Jesús Sánchez,2026-09-03
"Lowe, Josh",666139,2026,290,185,0.21,0.216,-0.006,0.351,0.375,-0.024,0.276,0.289,-0.0129999999999999,Josh Lowe,2026-09-03
"Freeman, Tyler",671289,2026,288,228,0.247,0.265,-0.018,0.314,0.353,-0.0389999999999999,0.289,0.309,-0.02,Tyler Freeman,2026-09-03
"Fortes, Nick",663743,2026,288,235,0.263,0.247,0.016,0.365,0.332,0.0329999999999999,0.298,0.278,0.0199999999999999,Nick Fortes,2026-09-03
"Smith, Dominic",642086,2026,287,219,0.26,0.24,0.02,0.384,0.373,0.011,0.306,0.298,0.008,Dominic Smith,2026-09-03
"Raley, Luke",670042,2026,287,172,0.225,0.252,-0.0269999999999999,0.439,0.486,-0.0469999999999999,0.313,0.342,-0.029,Luke Raley,2026-09-03
"Beavers, Dylan",687637,2026,282,182,0.248,0.234,0.0139999999999999,0.388,0.383,0.005,0.317,0.308,0.009,Dylan Beavers,2026-09-03
"Myers, Dane",667472,2026,281,178,0.262,0.237,0.025,0.373,0.359,0.014,0.327,0.313,0.014,Dane Myers,2026-09-03
"Ballesteros, Moisés",694208,2026,281,192,0.207,0.227,-0.02,0.324,0.364,-0.0399999999999999,0.266,0.29,-0.0239999999999999,Moisés Ballesteros,2026-09-03
"Ozuna, Marcell",542303,2026,280,171,0.203,0.221,-0.0179999999999999,0.327,0.389,-0.062,0.276,0.304,-0.0279999999999999,Marcell Ozuna,2026-09-03
"Carrigg, Cole",694249,2026,280,188,0.262,0.253,0.009,0.439,0.388,0.0509999999999999,0.338,0.32,0.018,Cole Carrigg,2026-09-03
"Straw, Myles",664702,2026,279,218,0.232,0.256,-0.0239999999999999,0.348,0.356,-0.008,0.285,0.299,-0.014,Myles Straw,2026-09-03
"Diaz, Yainer",673237,2026,278,221,0.258,0.261,-0.003,0.413,0.391,0.0219999999999999,0.305,0.299,0.006,Yainer Diaz,2026-09-03
"Schneemann, Daniel",682177,2026,277,171,0.206,0.218,-0.012,0.32,0.357,-0.0369999999999999,0.268,0.285,-0.0169999999999999,Daniel Schneemann,2026-09-03
"Mack, Joe",691788,2026,276,187,0.234,0.225,0.009,0.409,0.392,0.0169999999999999,0.304,0.293,0.011,Joe Mack,2026-09-03
"Julien, Edouard",666397,2026,276,165,0.208,0.247,-0.039,0.292,0.401,-0.109,0.287,0.338,-0.051,Edouard Julien,2026-09-03
"Tawa, Tim",694374,2026,276,188,0.24,0.241,-0.001,0.394,0.404,-0.01,0.303,0.308,-0.005,Tim Tawa,2026-09-03
"Lee, Hao-Yu",701678,2026,274,192,0.269,0.241,0.028,0.423,0.408,0.015,0.321,0.304,0.017,Hao-Yu Lee,2026-09-03
"Tena, José",677588,2026,271,160,0.227,0.226,0.001,0.38,0.362,0.018,0.307,0.299,0.008,José Tena,2026-09-03
"Williamson, Ben",810938,2026,270,197,0.247,0.253,-0.006,0.332,0.331,0.001,0.289,0.29,-0.001,Ben Williamson,2026-09-03
"Valdez, Esmerlyn",699013,2026,269,126,0.239,0.197,0.0419999999999999,0.518,0.433,0.085,0.372,0.328,0.0439999999999999,Esmerlyn Valdez,2026-09-03
"Davis, Henry",680779,2026,268,178,0.168,0.199,-0.031,0.293,0.33,-0.037,0.257,0.285,-0.0279999999999999,Henry Davis,2026-09-03
"O'Hoppe, Logan",681351,2026,267,180,0.209,0.199,0.0099999999999999,0.295,0.326,-0.031,0.254,0.263,-0.009,Logan O'Hoppe,2026-09-03
"Isbel, Kyle",664728,2026,266,190,0.229,0.228,0.001,0.35,0.315,0.0349999999999999,0.278,0.265,0.013,Kyle Isbel,2026-09-03
"Alexander, Blaze",677942,2026,265,186,0.31,0.307,0.003,0.427,0.463,-0.036,0.348,0.358,-0.01,Blaze Alexander,2026-09-03
"Friedl, TJ",670770,2026,263,177,0.165,0.188,-0.0229999999999999,0.251,0.265,-0.014,0.232,0.248,-0.0159999999999999,TJ Friedl,2026-09-03
"Nootbaar, Lars",663457,2026,261,175,0.231,0.246,-0.0149999999999999,0.373,0.443,-0.07,0.315,0.343,-0.028,Lars Nootbaar,2026-09-03
"Judge, Aaron",592450,2026,261,143,0.248,0.27,-0.022,0.533,0.6,-0.0669999999999999,0.386,0.415,-0.0289999999999999,Aaron Judge,2026-09-03
"O'Neill, Tyler",641933,2026,260,159,0.212,0.214,-0.002,0.377,0.394,-0.017,0.302,0.307,-0.005,Tyler O'Neill,2026-09-03
"Vientos, Mark",668901,2026,260,183,0.214,0.235,-0.0209999999999999,0.399,0.452,-0.0529999999999999,0.285,0.312,-0.027,Mark Vientos,2026-09-03
"Carpenter, Kerry",681481,2026,259,159,0.208,0.212,-0.004,0.416,0.388,0.0279999999999999,0.301,0.295,0.006,Kerry Carpenter,2026-09-03
"García, Adolis",666969,2026,259,150,0.195,0.22,-0.0249999999999999,0.329,0.362,-0.0329999999999999,0.268,0.294,-0.0259999999999999,Adolis García,2026-09-03
"Narváez, Carlos",665966,2026,257,147,0.166,0.194,-0.0279999999999999,0.238,0.31,-0.072,0.226,0.265,-0.039,Carlos Narváez,2026-09-03
"Waldschmidt, Ryan",814439,2026,256,159,0.273,0.247,0.026,0.388,0.369,0.019,0.321,0.303,0.018,Ryan Waldschmidt,2026-09-03
"Meckler, Wade",685133,2026,255,175,0.296,0.259,0.0369999999999999,0.385,0.357,0.028,0.341,0.313,0.028,Wade Meckler,2026-09-03
"Andujar, Miguel",609280,2026,254,201,0.259,0.264,-0.005,0.423,0.376,0.0469999999999999,0.314,0.298,0.016,Miguel Andujar,2026-09-03
"Gorman, Nolan",669357,2026,253,143,0.183,0.191,-0.008,0.313,0.352,-0.0389999999999999,0.257,0.274,-0.017,Nolan Gorman,2026-09-03
"Vázquez, Christian",543877,2026,252,185,0.211,0.197,0.0139999999999999,0.333,0.273,0.06,0.266,0.238,0.028,Christian Vázquez,2026-09-03
"Muncy, Max",691777,2026,251,146,0.214,0.213,0.001,0.366,0.356,0.01,0.289,0.285,0.004,Max Muncy,2026-09-03
"Torrens, Luis",620443,2026,249,179,0.235,0.235,0.0,0.394,0.369,0.025,0.307,0.297,0.01,Luis Torrens,2026-09-03
"Jackson, Jeremiah",669236,2026,248,187,0.226,0.244,-0.0179999999999999,0.359,0.387,-0.028,0.266,0.286,-0.0199999999999999,Jeremiah Jackson,2026-09-03
"Kirk, Alejandro",672386,2026,247,190,0.271,0.26,0.011,0.408,0.367,0.0409999999999999,0.325,0.304,0.021,Alejandro Kirk,2026-09-03
"Griffin, Konnor",804606,2026,247,162,0.276,0.24,0.036,0.404,0.392,0.012,0.325,0.305,0.02,Konnor Griffin,2026-09-03
"Rushing, Dalton",687221,2026,247,148,0.252,0.255,-0.003,0.472,0.436,0.0359999999999999,0.352,0.343,0.0089999999999999,Dalton Rushing,2026-09-03
"Conforto, Michael",624424,2026,247,146,0.234,0.232,0.002,0.477,0.433,0.0439999999999999,0.343,0.327,0.016,Michael Conforto,2026-09-03
"Sánchez, Gary",596142,2026,245,150,0.205,0.221,-0.016,0.425,0.409,0.016,0.343,0.341,0.002,Gary Sánchez,2026-09-03
"Edman, Tommy",669242,2026,242,167,0.266,0.258,0.008,0.397,0.367,0.03,0.333,0.317,0.016,Tommy Edman,2026-09-03
"Valenzuela, Brandon",678218,2026,241,153,0.224,0.242,-0.0179999999999999,0.379,0.384,-0.005,0.304,0.313,-0.009,Brandon Valenzuela,2026-09-03
"Emerson, Colt",806068,2026,241,141,0.19,0.196,-0.006,0.335,0.3,0.035,0.256,0.248,0.008,Colt Emerson,2026-09-03
"Fermin, Freddy",666023,2026,240,169,0.194,0.217,-0.0229999999999999,0.303,0.324,-0.021,0.256,0.275,-0.019,Freddy Fermin,2026-09-03
"Conine, Griffin",665052,2026,238,132,0.254,0.255,-0.001,0.488,0.492,-0.004,0.37,0.369,0.001,Griffin Conine,2026-09-03
"Trammell, Taylor",666211,2026,234,137,0.207,0.193,0.0139999999999999,0.361,0.38,-0.019,0.29,0.29,0.0,Taylor Trammell,2026-09-03
"Kreidler, Ryan",668952,2026,230,163,0.222,0.219,0.003,0.373,0.377,-0.004,0.287,0.287,0.0,Ryan Kreidler,2026-09-03
"Vilade, Ryan",668723,2026,230,160,0.262,0.265,-0.003,0.481,0.457,0.0239999999999999,0.344,0.337,0.0069999999999999,Ryan Vilade,2026-09-03
"Mayer, Marcelo",691785,2026,228,164,0.22,0.201,0.0189999999999999,0.312,0.297,0.015,0.267,0.259,0.008,Marcelo Mayer,2026-09-03
"Lopez, Nicky",670032,2026,228,177,0.259,0.234,0.0249999999999999,0.298,0.281,0.0169999999999999,0.27,0.251,0.019,Nicky Lopez,2026-09-03
"Freeland, Alex",690976,2026,228,136,0.226,0.213,0.013,0.307,0.329,-0.022,0.28,0.283,-0.0029999999999999,Alex Freeland,2026-09-03
"Guzman, Denzer",694203,2026,227,154,0.218,0.225,-0.007,0.341,0.325,0.016,0.268,0.264,0.004,Denzer Guzman,2026-09-03
"Amaya, Miguel",665804,2026,226,133,0.229,0.201,0.0279999999999999,0.354,0.316,0.0379999999999999,0.317,0.291,0.026,Miguel Amaya,2026-09-03
"Matthews, Brice",694728,2026,226,140,0.197,0.192,0.005,0.332,0.341,-0.009,0.257,0.26,-0.003,Brice Matthews,2026-09-03
"Robert Jr., Luis",673357,2026,223,146,0.222,0.235,-0.0129999999999999,0.399,0.411,-0.0119999999999999,0.308,0.317,-0.009,Luis Robert Jr.,2026-09-03
"Rosario, Amed",642708,2026,223,154,0.238,0.25,-0.012,0.422,0.435,-0.013,0.305,0.315,-0.01,Amed Rosario,2026-09-03
"Wong, Connor",657136,2026,222,146,0.237,0.22,0.0169999999999999,0.356,0.334,0.0219999999999999,0.302,0.288,0.014,Connor Wong,2026-09-03
"Sosa, Edmundo",624641,2026,220,161,0.238,0.287,-0.0489999999999999,0.401,0.459,-0.0579999999999999,0.294,0.339,-0.045,Edmundo Sosa,2026-09-03
"Osuna, Alejandro",696030,2026,220,161,0.255,0.25,0.005,0.297,0.306,-0.009,0.3,0.3,0.0,Alejandro Osuna,2026-09-03
"Grichuk, Randal",545341,2026,216,157,0.271,0.276,-0.005,0.541,0.472,0.069,0.354,0.331,0.0229999999999999,Randal Grichuk,2026-09-03
"Taylor, Tyrone",621438,2026,214,162,0.284,0.253,0.0309999999999999,0.515,0.432,0.083,0.365,0.319,0.0459999999999999,Tyrone Taylor,2026-09-03
"Feduccia, Hunter",676439,2026,214,140,0.239,0.252,-0.013,0.346,0.393,-0.047,0.297,0.32,-0.023,Hunter Feduccia,2026-09-03
"Domínguez, Jasson",691176,2026,212,154,0.23,0.251,-0.0209999999999999,0.38,0.364,0.016,0.285,0.288,-0.003,Jasson Domínguez,2026-09-03
"Hayes, Ke'Bryan",663647,2026,211,156,0.153,0.252,-0.099,0.25,0.401,-0.151,0.211,0.309,-0.098,Ke'Bryan Hayes,2026-09-03
"Quero, Edgar",700337,2026,210,148,0.208,0.224,-0.016,0.262,0.318,-0.0559999999999999,0.249,0.278,-0.029,Edgar Quero,2026-09-03
"Rojas, Miguel",500743,2026,210,173,0.28,0.286,-0.0059999999999999,0.403,0.394,0.009,0.315,0.315,0.0,Miguel Rojas,2026-09-03
"Jones, Spencer",682987,2026,210,113,0.239,0.238,0.001,0.441,0.452,-0.011,0.328,0.33,-0.002,Spencer Jones,2026-09-03
"Hedges, Austin",595978,2026,209,153,0.255,0.226,0.0289999999999999,0.375,0.316,0.059,0.31,0.275,0.0349999999999999,Austin Hedges,2026-09-03
"Sullivan, Brett",664954,2026,208,159,0.242,0.232,0.0099999999999999,0.432,0.36,0.072,0.311,0.286,0.025,Brett Sullivan,2026-09-03
"Smith, Will",669257,2026,207,148,0.246,0.275,-0.029,0.38,0.496,-0.1159999999999999,0.318,0.384,-0.066,Will Smith,2026-09-03
"Fernandez, Jose",699912,2026,207,150,0.262,0.248,0.014,0.356,0.351,0.005,0.294,0.285,0.009,Jose Fernandez,2026-09-03
"Acuña, Luisangel",682668,2026,207,158,0.237,0.246,-0.009,0.273,0.316,-0.0429999999999999,0.244,0.265,-0.021,Luisangel Acuña,2026-09-03
"Ruiz, Esteury",665923,2026,206,107,0.235,0.19,0.0449999999999999,0.412,0.311,0.1009999999999999,0.345,0.294,0.0509999999999999,Esteury Ruiz,2026-09-03
"Laureano, Ramón",657656,2026,206,119,0.203,0.222,-0.0189999999999999,0.374,0.409,-0.0349999999999999,0.292,0.312,-0.02,Ramón Laureano,2026-09-03
"Foscue, Justin",679822,2026,205,136,0.258,0.238,0.02,0.5,0.452,0.0479999999999999,0.354,0.329,0.0249999999999999,Justin Foscue,2026-09-03
"Romo, Drew",691011,2026,203,133,0.141,0.188,-0.047,0.288,0.293,-0.005,0.241,0.262,-0.021,Drew Romo,2026-09-03
"Rooker, Brent",667670,2026,202,117,0.201,0.208,-0.0069999999999999,0.391,0.438,-0.0469999999999999,0.294,0.312,-0.018,Brent Rooker,2026-09-03
"Marte, Noelvi",682622,2026,201,139,0.189,0.193,-0.004,0.321,0.304,0.017,0.242,0.237,0.005,Noelvi Marte,2026-09-03
"Jordan, Blaze",691458,2026,199,160,0.247,0.266,-0.019,0.382,0.425,-0.0429999999999999,0.284,0.317,-0.033,Blaze Jordan,2026-09-03
"Walton, Donovan",622268,2026,198,138,0.274,0.249,0.025,0.429,0.371,0.0579999999999999,0.36,0.328,0.0319999999999999,Donovan Walton,2026-09-03
"Gonzalez, Jacob",694378,2026,198,147,0.225,0.258,-0.033,0.374,0.4,-0.026,0.288,0.311,-0.023,Jacob Gonzalez,2026-09-03
"Díaz, Elias",553869,2026,197,139,0.23,0.225,0.005,0.393,0.37,0.023,0.284,0.277,0.0069999999999999,Elias Díaz,2026-09-03
"Pagés, Pedro",686780,2026,196,131,0.209,0.217,-0.008,0.311,0.331,-0.02,0.255,0.268,-0.013,Pedro Pagés,2026-09-03
"Pratt, Cooper",806198,2026,196,137,0.275,0.263,0.012,0.371,0.365,0.006,0.317,0.315,0.002,Cooper Pratt,2026-09-03
"Ramírez, Agustín",682663,2026,196,125,0.229,0.213,0.016,0.324,0.284,0.04,0.295,0.274,0.0209999999999999,Agustín Ramírez,2026-09-03
"Siri, Jose",642350,2026,194,116,0.223,0.22,0.003,0.389,0.43,-0.0409999999999999,0.293,0.306,-0.013,Jose Siri,2026-09-03
"Jiménez, Leo",677870,2026,194,130,0.199,0.242,-0.0429999999999999,0.259,0.336,-0.077,0.267,0.314,-0.0469999999999999,Leo Jiménez,2026-09-03
"Volpe, Anthony",683011,2026,194,127,0.24,0.231,0.0089999999999999,0.322,0.315,0.007,0.294,0.29,0.004,Anthony Volpe,2026-09-03
"Hill, Derek",656537,2026,193,115,0.243,0.223,0.0199999999999999,0.418,0.367,0.0509999999999999,0.312,0.283,0.029,Derek Hill,2026-09-03
"Sogard, Nick",686765,2026,192,131,0.265,0.253,0.012,0.401,0.357,0.044,0.341,0.319,0.022,Nick Sogard,2026-09-03
"Story, Trevor",596115,2026,192,122,0.227,0.213,0.014,0.337,0.318,0.019,0.262,0.25,0.012,Trevor Story,2026-09-03
"Del Castillo, Adrian",680728,2026,192,125,0.199,0.201,-0.002,0.318,0.335,-0.017,0.254,0.26,-0.006,Adrian Del Castillo,2026-09-03
"Ramírez, Pedro",699393,2026,191,141,0.285,0.264,0.0209999999999999,0.436,0.368,0.068,0.34,0.306,0.034,Pedro Ramírez,2026-09-03
"Gurriel Jr., Lourdes",666971,2026,189,143,0.207,0.234,-0.027,0.287,0.315,-0.028,0.242,0.277,-0.035,Lourdes Gurriel Jr.,2026-09-03
"Smith, Josh",669701,2026,189,129,0.223,0.212,0.011,0.325,0.337,-0.012,0.283,0.283,0.0,Josh Smith,2026-09-03
"Gray, Tristan",656484,2026,188,117,0.225,0.218,0.007,0.324,0.322,0.002,0.262,0.263,-0.001,Tristan Gray,2026-09-03
"Mesa Jr., Victor",683748,2026,187,130,0.222,0.23,-0.008,0.443,0.418,0.025,0.319,0.313,0.006,Victor Mesa Jr.,2026-09-03
"Higashioka, Kyle",543309,2026,186,118,0.218,0.219,-0.001,0.37,0.351,0.019,0.303,0.295,0.008,Kyle Higashioka,2026-09-03
"Scott II, Victor",687363,2026,185,123,0.199,0.224,-0.0249999999999999,0.263,0.302,-0.0389999999999999,0.252,0.277,-0.025,Victor Scott II,2026-09-03
"Doyle, Brenton",686668,2026,183,112,0.212,0.193,0.0189999999999999,0.3,0.276,0.0239999999999999,0.254,0.235,0.019,Brenton Doyle,2026-09-03
"Campusano, Luis",669134,2026,181,113,0.277,0.235,0.042,0.445,0.375,0.07,0.367,0.325,0.0419999999999999,Luis Campusano,2026-09-03
"Piñango, Yohendrick",682818,2026,180,125,0.26,0.262,-0.002,0.396,0.398,-0.002,0.309,0.309,0.0,Yohendrick Piñango,2026-09-03
"White, Eli",642201,2026,180,128,0.24,0.223,0.0169999999999999,0.389,0.328,0.061,0.297,0.268,0.0289999999999999,Eli White,2026-09-03
"Chaparro, Andrés",665953,2026,176,110,0.247,0.239,0.008,0.5,0.461,0.0389999999999999,0.374,0.357,0.017,Andrés Chaparro,2026-09-03
"Williams, Alika",675961,2026,175,124,0.272,0.218,0.054,0.432,0.295,0.137,0.321,0.247,0.074,Alika Williams,2026-09-03
"Pérez, Wenceel",672761,2026,175,132,0.18,0.203,-0.023,0.348,0.348,0.0,0.262,0.272,-0.01,Wenceel Pérez,2026-09-03
"Fry, David",681807,2026,173,95,0.19,0.171,0.0189999999999999,0.347,0.263,0.0839999999999999,0.298,0.26,0.0379999999999999,David Fry,2026-09-03
"Heineman, Tyler",623168,2026,172,137,0.178,0.22,-0.042,0.23,0.266,-0.036,0.211,0.243,-0.032,Tyler Heineman,2026-09-03
"Seigler, Anthony",678011,2026,171,124,0.25,0.244,0.006,0.405,0.374,0.031,0.325,0.316,0.009,Anthony Seigler,2026-09-03
"Mateo, Jorge",622761,2026,171,112,0.226,0.251,-0.0249999999999999,0.365,0.416,-0.0509999999999999,0.282,0.311,-0.029,Jorge Mateo,2026-09-03
"Gasper, Mickey",681508,2026,170,122,0.283,0.273,0.0099999999999999,0.503,0.469,0.034,0.384,0.369,0.015,Mickey Gasper,2026-09-03
"Jansen, Danny",643376,2026,170,102,0.168,0.167,0.001,0.329,0.287,0.042,0.267,0.251,0.016,Danny Jansen,2026-09-03
"Báez, Javier",595879,2026,170,131,0.253,0.246,0.007,0.37,0.317,0.0529999999999999,0.286,0.266,0.0199999999999999,Javier Báez,2026-09-03
"Outman, James",681546,2026,170,86,0.172,0.162,0.0099999999999999,0.318,0.273,0.0449999999999999,0.247,0.225,0.0219999999999999,James Outman,2026-09-03
"Marte, Starling",516782,2026,168,114,0.242,0.23,0.0119999999999999,0.314,0.364,-0.0499999999999999,0.276,0.287,-0.0109999999999999,Starling Marte,2026-09-03
"Shaw, Matt",807713,2026,164,118,0.25,0.236,0.014,0.451,0.367,0.084,0.341,0.305,0.036,Matt Shaw,2026-09-03
"Call, Alex",669743,2026,164,111,0.254,0.21,0.044,0.326,0.267,0.059,0.316,0.278,0.0379999999999999,Alex Call,2026-09-03
"Susac, Daniel",691740,2026,161,114,0.243,0.249,-0.006,0.375,0.369,0.006,0.29,0.296,-0.006,Daniel Susac,2026-09-03
"Halpin, Petey",690984,2026,160,121,0.218,0.25,-0.032,0.32,0.374,-0.0539999999999999,0.255,0.29,-0.0349999999999999,Petey Halpin,2026-09-03
"Barrosa, Jorge",678489,2026,159,101,0.201,0.164,0.037,0.343,0.253,0.09,0.281,0.235,0.046,Jorge Barrosa,2026-09-03
"Donovan, Brendan",680977,2026,159,115,0.277,0.25,0.027,0.409,0.344,0.065,0.349,0.314,0.0349999999999999,Brendan Donovan,2026-09-03
"Rodríguez, Endy",682848,2026,159,94,0.267,0.245,0.022,0.467,0.403,0.064,0.37,0.338,0.0319999999999999,Endy Rodríguez,2026-09-03
"Arroyo, Edwin",695490,2026,158,112,0.226,0.271,-0.045,0.267,0.351,-0.0839999999999999,0.243,0.293,-0.0499999999999999,Edwin Arroyo,2026-09-03
"Hernaiz, Darell",687231,2026,156,109,0.235,0.217,0.0179999999999999,0.279,0.269,0.01,0.277,0.264,0.013,Darell Hernaiz,2026-09-03
"Rogers, Jake",668670,2026,156,89,0.168,0.182,-0.0139999999999999,0.305,0.317,-0.012,0.265,0.275,-0.01,Jake Rogers,2026-09-03
"Dunn, Blake",694362,2026,155,110,0.282,0.242,0.0399999999999999,0.387,0.319,0.068,0.321,0.28,0.0409999999999999,Blake Dunn,2026-09-03
"White, Tommy",695720,2026,154,124,0.255,0.267,-0.012,0.329,0.392,-0.063,0.265,0.298,-0.0329999999999999,Tommy White,2026-09-03
"Meyers, Jake",676694,2026,153,111,0.213,0.205,0.008,0.326,0.316,0.01,0.265,0.256,0.009,Jake Meyers,2026-09-03
"Millas, Drew",686452,2026,152,96,0.185,0.204,-0.0189999999999999,0.262,0.282,-0.0199999999999999,0.251,0.266,-0.015,Drew Millas,2026-09-03
"Lara, Luis",800325,2026,151,105,0.276,0.277,-0.001,0.381,0.366,0.015,0.327,0.322,0.005,Luis Lara,2026-09-03
"Anthony, Roman",701350,2026,149,92,0.268,0.285,-0.0169999999999999,0.402,0.442,-0.0399999999999999,0.347,0.367,-0.02,Roman Anthony,2026-09-03
"Garver, Mitch",641598,2026,149,77,0.175,0.194,-0.019,0.294,0.341,-0.047,0.278,0.301,-0.0229999999999999,Mitch Garver,2026-09-03
"Crooks, Jimmy",699625,2026,149,87,0.179,0.198,-0.019,0.336,0.397,-0.061,0.264,0.294,-0.0299999999999999,Jimmy Crooks,2026-09-03
"Robles, Victor",645302,2026,147,113,0.26,0.241,0.019,0.313,0.325,-0.012,0.287,0.283,0.004,Victor Robles,2026-09-03
"Allen, Nick",669397,2026,147,107,0.275,0.225,0.05,0.359,0.281,0.0779999999999999,0.3,0.252,0.0479999999999999,Nick Allen,2026-09-03
"Beck, Jordan",687597,2026,146,92,0.2,0.21,-0.0099999999999999,0.304,0.291,0.013,0.248,0.246,0.002,Jordan Beck,2026-09-03
"Jones, Jahmai",663330,2026,146,84,0.219,0.247,-0.0279999999999999,0.398,0.444,-0.0459999999999999,0.317,0.344,-0.0269999999999999,Jahmai Jones,2026-09-03
"Arias, Gabriel",672356,2026,146,78,0.239,0.22,0.0189999999999999,0.37,0.372,-0.002,0.284,0.274,0.0099999999999999,Gabriel Arias,2026-09-03
"Polanco, Jorge",593871,2026,145,100,0.148,0.189,-0.041,0.23,0.284,-0.0539999999999999,0.196,0.234,-0.038,Jorge Polanco,2026-09-03
"Melendez, MJ",669004,2026,144,72,0.192,0.166,0.0259999999999999,0.35,0.317,0.0329999999999999,0.302,0.28,0.0219999999999999,MJ Melendez,2026-09-03
"Koss, Christian",683766,2026,143,98,0.205,0.204,0.001,0.265,0.277,-0.012,0.23,0.234,-0.004,Christian Koss,2026-09-03
"Torres, Bryan",663494,2026,143,103,0.258,0.246,0.012,0.391,0.363,0.028,0.311,0.297,0.014,Bryan Torres,2026-09-03
"Song, Sung-Mun",823550,2026,143,99,0.19,0.184,0.006,0.248,0.272,-0.024,0.252,0.256,-0.004,Sung-Mun Song,2026-09-03
"Wilson, Weston",642215,2026,142,79,0.208,0.186,0.0219999999999999,0.336,0.286,0.05,0.29,0.263,0.0269999999999999,Weston Wilson,2026-09-03
"McCann, James",543510,2026,141,98,0.295,0.234,0.0609999999999999,0.455,0.4,0.0549999999999999,0.343,0.292,0.051,James McCann,2026-09-03
"Correa, Carlos",621043,2026,141,97,0.279,0.289,-0.0099999999999999,0.418,0.459,-0.041,0.347,0.364,-0.017,Carlos Correa,2026-09-03
"Schneider, Davis",676914,2026,140,68,0.142,0.15,-0.008,0.274,0.277,-0.003,0.269,0.275,-0.006,Davis Schneider,2026-09-03
"Kepler, Max",596146,2026,139,98,0.214,0.215,-0.001,0.317,0.346,-0.0289999999999999,0.26,0.277,-0.017,Max Kepler,2026-09-03
"Rivas, Leo",660844,2026,139,80,0.147,0.171,-0.024,0.19,0.232,-0.042,0.227,0.25,-0.0229999999999999,Leo Rivas,2026-09-03
"Encarnacion-Strand, Christian",687952,2026,137,93,0.26,0.258,0.002,0.48,0.525,-0.045,0.334,0.346,-0.0119999999999999,Christian Encarnacion-Strand,2026-09-03
"Wallner, Matt",670242,2026,135,67,0.167,0.2,-0.033,0.292,0.333,-0.041,0.253,0.281,-0.028,Matt Wallner,2026-09-03
"Kiner-Falefa, Isiah",643396,2026,134,104,0.273,0.275,-0.002,0.355,0.348,0.007,0.313,0.309,0.004,Isiah Kiner-Falefa,2026-09-03
"Troy, Tommy",694371,2026,134,90,0.223,0.238,-0.0149999999999999,0.364,0.412,-0.0479999999999999,0.295,0.317,-0.022,Tommy Troy,2026-09-03
"Tolbert, Tyler",686475,2026,132,95,0.307,0.244,0.063,0.43,0.317,0.1129999999999999,0.356,0.298,0.0579999999999999,Tyler Tolbert,2026-09-03
"Kim, Hyeseong",808975,2026,131,87,0.259,0.261,-0.002,0.328,0.341,-0.013,0.293,0.304,-0.011,Hyeseong Kim,2026-09-03
"Moncada, Yoán",660162,2026,130,66,0.189,0.169,0.0199999999999999,0.297,0.286,0.011,0.281,0.269,0.012,Yoán Moncada,2026-09-03
"Trevino, Jose",624431,2026,130,105,0.23,0.209,0.021,0.373,0.301,0.072,0.261,0.223,0.038,Jose Trevino,2026-09-03
"Refsnyder, Rob",608701,2026,129,81,0.14,0.17,-0.03,0.254,0.316,-0.062,0.207,0.255,-0.048,Rob Refsnyder,2026-09-03
"Bart, Joey",663698,2026,128,78,0.214,0.203,0.0109999999999999,0.357,0.362,-0.005,0.299,0.295,0.004,Joey Bart,2026-09-03
"Cavanaugh, Drew",701852,2026,128,78,0.243,0.259,-0.016,0.27,0.375,-0.1049999999999999,0.283,0.325,-0.042,Drew Cavanaugh,2026-09-03
"Frazier, Adam",624428,2026,126,79,0.245,0.21,0.035,0.355,0.284,0.071,0.303,0.262,0.0409999999999999,Adam Frazier,2026-09-03
"Jarvis, Jim",805347,2026,124,92,0.207,0.234,-0.027,0.297,0.304,-0.007,0.254,0.268,-0.014,Jim Jarvis,2026-09-03
"Wade Jr., LaMonte",664774,2026,122,73,0.202,0.19,0.012,0.337,0.3,0.037,0.3,0.281,0.0189999999999999,LaMonte Wade Jr.,2026-09-03
"Castellanos, Nick",592206,2026,122,83,0.191,0.244,-0.0529999999999999,0.339,0.4,-0.061,0.239,0.285,-0.0459999999999999,Nick Castellanos,2026-09-03
"Thomas, Colby",687515,2026,121,79,0.202,0.182,0.02,0.333,0.357,-0.0239999999999999,0.25,0.248,0.002,Colby Thomas,2026-09-03
"Loperfido, Joey",694388,2026,120,73,0.216,0.231,-0.015,0.333,0.337,-0.004,0.289,0.297,-0.008,Joey Loperfido,2026-09-03
"Thomas, Alek",677950,2026,120,87,0.186,0.232,-0.046,0.327,0.374,-0.0469999999999999,0.244,0.282,-0.0379999999999999,Alek Thomas,2026-09-03
"Pauley, Graham",688363,2026,119,86,0.205,0.189,0.0159999999999999,0.357,0.293,0.064,0.257,0.226,0.031,Graham Pauley,2026-09-03
"Clark, Max",703601,2026,118,82,0.257,0.278,-0.021,0.438,0.368,0.07,0.332,0.316,0.016,Max Clark,2026-09-03
"Sosa, Lenyn",672820,2026,117,90,0.195,0.222,-0.0269999999999999,0.283,0.345,-0.062,0.214,0.249,-0.035,Lenyn Sosa,2026-09-03
"Benson, Will",666181,2026,114,58,0.188,0.189,-0.001,0.333,0.355,-0.0219999999999999,0.29,0.3,-0.01,Will Benson,2026-09-03
"Taylor, Samad",669392,2026,113,67,0.333,0.275,0.0579999999999999,0.417,0.343,0.0739999999999999,0.375,0.324,0.0509999999999999,Samad Taylor,2026-09-03
"Yorke, Nick",694377,2026,113,77,0.206,0.238,-0.032,0.275,0.34,-0.065,0.251,0.289,-0.0379999999999999,Nick Yorke,2026-09-03
"Pereira, Everson",677592,2026,111,63,0.235,0.205,0.03,0.439,0.4,0.0389999999999999,0.327,0.299,0.028,Everson Pereira,2026-09-03
"Lockridge, Brandon",663604,2026,111,68,0.273,0.216,0.057,0.313,0.262,0.0509999999999999,0.302,0.258,0.0439999999999999,Brandon Lockridge,2026-09-03
"Bader, Harrison",664056,2026,111,73,0.17,0.215,-0.0449999999999999,0.358,0.367,-0.009,0.239,0.272,-0.033,Harrison Bader,2026-09-03
"Callihan, Tyler",682997,2026,107,59,0.211,0.185,0.0259999999999999,0.389,0.296,0.093,0.294,0.252,0.0419999999999999,Tyler Callihan,2026-09-03
"Basabe, Osleivis",678545,2026,104,79,0.211,0.235,-0.0239999999999999,0.358,0.367,-0.009,0.274,0.286,-0.0119999999999999,Osleivis Basabe,2026-09-03
"Kim, Ha-Seong",673490,2026,103,66,0.12,0.162,-0.042,0.13,0.217,-0.087,0.174,0.223,-0.049,Ha-Seong Kim,2026-09-03
"Velázquez, Nelson",676369,2026,102,60,0.198,0.245,-0.0469999999999999,0.407,0.492,-0.085,0.291,0.348,-0.0569999999999999,Nelson Velázquez,2026-09-03
"Perkins, Blake",663368,2026,101,68,0.157,0.196,-0.039,0.258,0.295,-0.0369999999999999,0.236,0.264,-0.028,Blake Perkins,2026-09-03
"Ortiz, Abimelec",694673,2026,99,71,0.202,0.228,-0.0259999999999999,0.394,0.424,-0.0299999999999999,0.276,0.297,-0.0209999999999999,Abimelec Ortiz,2026-09-03
"Flores Jr., Rafael",804668,2026,97,56,0.209,0.229,-0.02,0.488,0.482,0.006,0.336,0.34,-0.004,Rafael Flores Jr.,2026-09-03
"Rave, John",670231,2026,97,68,0.221,0.247,-0.0259999999999999,0.407,0.411,-0.004,0.308,0.321,-0.013,John Rave,2026-09-03
"Bateman, Brett",703520,2026,97,68,0.314,0.236,0.078,0.384,0.285,0.099,0.335,0.271,0.064,Brett Bateman,2026-09-03
"Saggese, Thomas",695336,2026,96,61,0.239,0.231,0.0079999999999999,0.42,0.444,-0.024,0.309,0.312,-0.003,Thomas Saggese,2026-09-03
"Stanton, Giancarlo",519317,2026,96,61,0.256,0.245,0.011,0.422,0.466,-0.044,0.316,0.326,-0.01,Giancarlo Stanton,2026-09-03
"Rojas, Josh",668942,2026,95,76,0.258,0.196,0.062,0.371,0.276,0.0949999999999999,0.291,0.225,0.0659999999999999,Josh Rojas,2026-09-03
"Malgeri, Ben",701162,2026,92,55,0.244,0.238,0.006,0.385,0.347,0.038,0.329,0.315,0.014,Ben Malgeri,2026-09-03
"Marchán, Rafael",665561,2026,92,74,0.102,0.181,-0.079,0.17,0.248,-0.0779999999999999,0.143,0.208,-0.065,Rafael Marchán,2026-09-03
"Escarra, J.C.",641555,2026,92,68,0.188,0.206,-0.0179999999999999,0.271,0.308,-0.0369999999999999,0.228,0.257,-0.0289999999999999,J.C. Escarra,2026-09-03
"Shewmake, Braden",669699,2026,91,73,0.259,0.246,0.013,0.424,0.411,0.013,0.296,0.294,0.002,Braden Shewmake,2026-09-03
"Durán, Rodolfo",660710,2026,91,59,0.146,0.18,-0.034,0.305,0.323,-0.018,0.236,0.257,-0.021,Rodolfo Durán,2026-09-03
"Watson, Kahlil",696135,2026,91,56,0.239,0.209,0.03,0.341,0.33,0.011,0.266,0.246,0.02,Kahlil Watson,2026-09-03
"Urías, Ramón",602104,2026,90,61,0.158,0.191,-0.033,0.355,0.403,-0.048,0.285,0.316,-0.031,Ramón Urías,2026-09-03
"Fraley, Jake",641584,2026,90,57,0.232,0.206,0.026,0.39,0.351,0.039,0.305,0.28,0.0249999999999999,Jake Fraley,2026-09-03
"Naylor, Bo",666310,2026,90,63,0.143,0.219,-0.076,0.238,0.407,-0.1689999999999999,0.199,0.295,-0.0959999999999999,Bo Naylor,2026-09-03
"Smith, Pavin",656976,2026,89,61,0.141,0.188,-0.047,0.192,0.253,-0.061,0.206,0.255,-0.049,Pavin Smith,2026-09-03
"Rincones Jr., Gabriel",687282,2026,89,56,0.167,0.15,0.017,0.286,0.276,0.0099999999999999,0.215,0.205,0.01,Gabriel Rincones Jr.,2026-09-03
"Morel, Christopher",666624,2026,89,51,0.171,0.18,-0.0089999999999999,0.207,0.228,-0.021,0.208,0.218,-0.01,Christopher Morel,2026-09-03
"Wynns, Austin",642851,2026,89,60,0.146,0.2,-0.054,0.183,0.29,-0.1069999999999999,0.176,0.24,-0.064,Austin Wynns,2026-09-03
"Culpepper, Kaelen",701785,2026,88,62,0.3,0.251,0.0489999999999999,0.463,0.401,0.062,0.356,0.312,0.0439999999999999,Kaelen Culpepper,2026-09-03
"Ford, Harry",695670,2026,87,53,0.2,0.177,0.023,0.387,0.303,0.084,0.312,0.273,0.0389999999999999,Harry Ford,2026-09-03
"Schuemann, Max",680474,2026,87,51,0.194,0.203,-0.009,0.361,0.336,0.0249999999999999,0.317,0.312,0.005,Max Schuemann,2026-09-03
"Bericoto, Victor",682674,2026,87,62,0.244,0.222,0.0219999999999999,0.419,0.445,-0.026,0.289,0.285,0.004,Victor Bericoto,2026-09-03
"Lombard Jr., George",806146,2026,87,56,0.253,0.245,0.008,0.367,0.354,0.013,0.3,0.295,0.005,George Lombard Jr.,2026-09-03
"Bowen, Jase",687749,2026,87,50,0.169,0.215,-0.0459999999999999,0.289,0.359,-0.07,0.219,0.266,-0.047,Jase Bowen,2026-09-03
"Pereda, Jhonny",640902,2026,86,63,0.291,0.308,-0.017,0.367,0.408,-0.0409999999999999,0.322,0.343,-0.021,Jhonny Pereda,2026-09-03
"Genao, Angel",694197,2026,86,68,0.253,0.248,0.005,0.367,0.367,0.0,0.304,0.3,0.004,Angel Genao,2026-09-03
"Lawlar, Jordan",691783,2026,85,54,0.276,0.255,0.021,0.461,0.38,0.081,0.355,0.315,0.0399999999999999,Jordan Lawlar,2026-09-03
"Valencia, Eduardo",680664,2026,85,57,0.313,0.24,0.073,0.627,0.495,0.132,0.406,0.319,0.087,Eduardo Valencia,2026-09-03
"Haase, Eric",606992,2026,84,49,0.162,0.184,-0.0219999999999999,0.365,0.36,0.005,0.264,0.271,-0.007,Eric Haase,2026-09-03
"Kelenic, Jarred",672284,2026,83,42,0.219,0.231,-0.012,0.288,0.431,-0.143,0.279,0.331,-0.0519999999999999,Jarred Kelenic,2026-09-03
"Dezenzo, Zach",701305,2026,83,44,0.211,0.191,0.0199999999999999,0.303,0.294,0.009,0.262,0.249,0.013,Zach Dezenzo,2026-09-03
"McCutchen, Andrew",457705,2026,83,52,0.192,0.164,0.0279999999999999,0.26,0.265,-0.005,0.249,0.237,0.012,Andrew McCutchen,2026-09-03
"Wiemer, Joey",686894,2026,83,41,0.286,0.217,0.0689999999999999,0.514,0.349,0.165,0.397,0.315,0.082,Joey Wiemer,2026-09-03
"Rodríguez, Héctor",699302,2026,82,55,0.24,0.202,0.0379999999999999,0.48,0.354,0.126,0.34,0.277,0.063,Héctor Rodríguez,2026-09-03
"McAdoo, Charles",807727,2026,80,55,0.243,0.227,0.0159999999999999,0.351,0.333,0.0179999999999999,0.282,0.269,0.0129999999999999,Charles McAdoo,2026-09-03
"Fulford, Braxton",690924,2026,79,40,0.174,0.14,0.0339999999999999,0.275,0.234,0.041,0.24,0.21,0.03,Braxton Fulford,2026-09-03
"Roden, Alan",702176,2026,79,59,0.254,0.279,-0.025,0.313,0.398,-0.085,0.294,0.342,-0.048,Alan Roden,2026-09-03
"Hays, Austin",669720,2026,78,52,0.227,0.257,-0.03,0.333,0.343,-0.01,0.255,0.271,-0.016,Austin Hays,2026-09-03
"Freeman, Cody",683227,2026,77,58,0.294,0.188,0.1059999999999999,0.382,0.248,0.134,0.333,0.238,0.095,Cody Freeman,2026-09-03
"Thompson, Sterlin",694514,2026,77,48,0.232,0.219,0.013,0.377,0.357,0.02,0.308,0.295,0.013,Sterlin Thompson,2026-09-03
"Cox, Jonah",813841,2026,76,39,0.29,0.206,0.0839999999999999,0.551,0.399,0.152,0.375,0.28,0.0949999999999999,Jonah Cox,2026-09-03
"Slater, Austin",596103,2026,74,45,0.231,0.182,0.049,0.277,0.236,0.041,0.271,0.235,0.036,Austin Slater,2026-09-03
"Sánchez, Ali",645305,2026,73,48,0.235,0.235,0.0,0.309,0.288,0.021,0.254,0.246,0.008,Ali Sánchez,2026-09-03
"Gonzalez, Romy",663853,2026,73,45,0.185,0.231,-0.046,0.308,0.335,-0.027,0.259,0.289,-0.0299999999999999,Romy Gonzalez,2026-09-03
"Harris, Dustin",687957,2026,73,55,0.29,0.29,0.0,0.355,0.361,-0.006,0.325,0.327,-0.002,Dustin Harris,2026-09-03
"Jackson, Alex",656577,2026,71,44,0.313,0.191,0.122,0.418,0.263,0.1549999999999999,0.341,0.226,0.115,Alex Jackson,2026-09-03
"Teel, Kyle",691019,2026,70,36,0.19,0.233,-0.043,0.317,0.371,-0.0539999999999999,0.267,0.302,-0.0349999999999999,Kyle Teel,2026-09-03
"d'Arnaud, Travis",518595,2026,68,41,0.167,0.161,0.006,0.233,0.303,-0.0699999999999999,0.237,0.257,-0.02,Travis d'Arnaud,2026-09-03
"Moore, Christian",695681,2026,68,40,0.18,0.189,-0.009,0.295,0.29,0.005,0.244,0.246,-0.002,Christian Moore,2026-09-03
"Clarke, Denzel",672016,2026,67,38,0.169,0.173,-0.0039999999999999,0.186,0.199,-0.013,0.2,0.205,-0.0049999999999999,Denzel Clarke,2026-09-03
"Murphy, Sean",669221,2026,66,39,0.242,0.208,0.034,0.435,0.344,0.091,0.314,0.264,0.0499999999999999,Sean Murphy,2026-09-03
"Báez, Joshua",695491,2026,65,37,0.203,0.205,-0.0019999999999999,0.576,0.484,0.0919999999999999,0.349,0.316,0.0329999999999999,Joshua Báez,2026-09-03
"Cauley, Cam",695508,2026,65,44,0.207,0.192,0.0149999999999999,0.345,0.238,0.1069999999999999,0.279,0.235,0.044,Cam Cauley,2026-09-03
"Brito, Juan",682877,2026,64,39,0.175,0.192,-0.017,0.298,0.268,0.0299999999999999,0.246,0.246,0.0,Juan Brito,2026-09-03
"Kuroda-Grauer, Joshua",811965,2026,62,53,0.417,0.314,0.1029999999999999,0.583,0.414,0.1689999999999999,0.443,0.327,0.1159999999999999,Joshua Kuroda-Grauer,2026-09-03
"Short, Zack",670097,2026,62,34,0.14,0.159,-0.0189999999999999,0.18,0.269,-0.089,0.218,0.256,-0.038,Zack Short,2026-09-03
"McCray, Grant",687529,2026,62,36,0.118,0.216,-0.098,0.235,0.35,-0.1149999999999999,0.215,0.297,-0.0819999999999999,Grant McCray,2026-09-03
"Espinal, Santiago",669289,2026,60,51,0.268,0.285,-0.0169999999999999,0.375,0.374,0.001,0.282,0.29,-0.008,Santiago Espinal,2026-09-03
"Whitcomb, Shay",694376,2026,60,37,0.123,0.155,-0.032,0.316,0.347,-0.0309999999999999,0.192,0.218,-0.0259999999999999,Shay Whitcomb,2026-09-03
"Ward, Ryan",669899,2026,60,38,0.218,0.239,-0.0209999999999999,0.455,0.424,0.031,0.319,0.316,0.003,Ryan Ward,2026-09-03
"Urías, Luis",649966,2026,59,43,0.25,0.237,0.013,0.481,0.351,0.13,0.345,0.299,0.0459999999999999,Luis Urías,2026-09-03
"Rodriguez, Jesus",683679,2026,58,44,0.235,0.267,-0.032,0.412,0.355,0.0569999999999999,0.322,0.315,0.007,Jesus Rodriguez,2026-09-03
"Serven, Brian",661531,2026,58,42,0.232,0.253,-0.0209999999999999,0.518,0.462,0.0559999999999999,0.33,0.317,0.013,Brian Serven,2026-09-03
"India, Jonathan",663697,2026,58,35,0.167,0.173,-0.0059999999999999,0.313,0.289,0.024,0.291,0.284,0.007,Jonathan India,2026-09-03
"Rivero, Sebastián",665861,2026,56,42,0.25,0.261,-0.011,0.288,0.304,-0.016,0.262,0.272,-0.01,Sebastián Rivero,2026-09-03
"Stubbs, Garrett",596117,2026,56,41,0.157,0.195,-0.038,0.157,0.236,-0.0789999999999999,0.178,0.221,-0.043,Garrett Stubbs,2026-09-03
"Groover, LuJames",694410,2026,54,37,0.167,0.215,-0.0479999999999999,0.271,0.328,-0.0569999999999999,0.245,0.286,-0.0409999999999999,LuJames Groover,2026-09-03
"De La Cruz, Bryan",650559,2026,54,39,0.354,0.246,0.1079999999999999,0.542,0.363,0.179,0.397,0.294,0.103,Bryan De La Cruz,2026-09-03
"Teodosio, Bryce",669326,2026,54,32,0.204,0.154,0.0499999999999999,0.245,0.229,0.0159999999999999,0.235,0.206,0.0289999999999999,Bryce Teodosio,2026-09-03
"Cole, Zach",805904,2026,53,30,0.157,0.209,-0.0519999999999999,0.353,0.438,-0.085,0.234,0.289,-0.0549999999999999,Zach Cole,2026-09-03
"Hill, Turner",806367,2026,52,39,0.333,0.298,0.035,0.452,0.437,0.015,0.37,0.365,0.005,Turner Hill,2026-09-03
"Madrigal, Nick",663611,2026,52,41,0.273,0.232,0.041,0.295,0.286,0.009,0.321,0.298,0.023,Nick Madrigal,2026-09-03
"Wagaman, Eric",676572,2026,52,35,0.191,0.227,-0.036,0.319,0.362,-0.0429999999999999,0.266,0.296,-0.0299999999999999,Eric Wagaman,2026-09-03
"Garcia, Jhostynxon",691373,2026,51,32,0.163,0.211,-0.0479999999999999,0.184,0.301,-0.1169999999999999,0.175,0.24,-0.065,Jhostynxon Garcia,2026-09-03
"Rodden, Brock",801126,2026,51,29,0.186,0.125,0.061,0.279,0.194,0.085,0.264,0.219,0.045,Brock Rodden,2026-09-03
"Cook, Billy",695257,2026,51,30,0.18,0.138,0.0419999999999999,0.24,0.181,0.059,0.192,0.149,0.043,Billy Cook,2026-09-03
"Tromp, Chadwick",644433,2026,51,38,0.163,0.174,-0.0109999999999999,0.184,0.217,-0.033,0.15,0.17,-0.02,Chadwick Tromp,2026-09-03
"Mauricio, Ronny",677595,2026,50,32,0.18,0.181,-0.001,0.26,0.299,-0.0389999999999999,0.191,0.205,-0.0139999999999999,Ronny Mauricio,2026-09-03
"Hernández, Enrique",571771,2026,50,30,0.234,0.211,0.023,0.404,0.353,0.051,0.299,0.268,0.0309999999999999,Enrique Hernández,2026-09-03
"Arcia, Orlando",606115,2026,50,40,0.271,0.223,0.048,0.354,0.298,0.0559999999999999,0.29,0.245,0.0449999999999999,Orlando Arcia,2026-09-03
"Navarreto, Brian",640459,2026,50,29,0.119,0.118,0.001,0.214,0.174,0.04,0.188,0.173,0.015,Brian Navarreto,2026-09-03
"Pozo, Yohel",650968,2026,50,43,0.25,0.243,0.007,0.333,0.303,0.03,0.258,0.246,0.012,Yohel Pozo,2026-09-03
"Johnson, Bryce",669369,2026,49,28,0.178,0.147,0.031,0.222,0.166,0.0559999999999999,0.208,0.172,0.036,Bryce Johnson,2026-09-03
"Kennedy, Buddy",671083,2026,49,28,0.116,0.167,-0.051,0.14,0.264,-0.124,0.185,0.249,-0.064,Buddy Kennedy,2026-09-03
"Wisdom, Patrick",621550,2026,49,26,0.109,0.162,-0.053,0.196,0.367,-0.1709999999999999,0.154,0.241,-0.087,Patrick Wisdom,2026-09-03
"Haggerty, Sam",664059,2026,47,28,0.159,0.156,0.003,0.182,0.181,0.001,0.186,0.182,0.004,Sam Haggerty,2026-09-03
"Wagner, Will",695238,2026,45,28,0.257,0.249,0.008,0.286,0.282,0.004,0.333,0.329,0.004,Will Wagner,2026-09-03
"Joe, Connor",656582,2026,45,24,0.179,0.257,-0.078,0.308,0.397,-0.089,0.274,0.337,-0.063,Connor Joe,2026-09-03
"León, Sandy",506702,2026,44,26,0.091,0.135,-0.044,0.091,0.17,-0.079,0.081,0.132,-0.051,Sandy León,2026-09-03
"Misner, Kameron",670224,2026,44,25,0.22,0.185,0.035,0.244,0.242,0.002,0.228,0.209,0.019,Kameron Misner,2026-09-03
"Cheng, Tsung-Che",691907,2026,44,26,0.256,0.237,0.019,0.282,0.392,-0.11,0.274,0.303,-0.0289999999999999,Tsung-Che Cheng,2026-09-03
"Franklin, Christian",681047,2026,42,22,0.147,0.168,-0.021,0.206,0.334,-0.128,0.258,0.306,-0.0479999999999999,Christian Franklin,2026-09-03
"Locklear, Tyler",682988,2026,42,28,0.278,0.252,0.026,0.444,0.427,0.017,0.35,0.334,0.0159999999999999,Tyler Locklear,2026-09-03
"Workman, Gage",669398,2026,41,24,0.171,0.222,-0.0509999999999999,0.415,0.489,-0.074,0.245,0.299,-0.0539999999999999,Gage Workman,2026-09-03
"Spence, Lucas",828599,2026,41,22,0.162,0.177,-0.0149999999999999,0.189,0.253,-0.064,0.208,0.236,-0.0279999999999999,Lucas Spence,2026-09-03
"Delgado, Raynel",669384,2026,41,31,0.243,0.228,0.0149999999999999,0.351,0.304,0.0469999999999999,0.291,0.265,0.0259999999999999,Raynel Delgado,2026-09-03
"Williams, Carson",700246,2026,40,25,0.108,0.166,-0.058,0.216,0.28,-0.064,0.166,0.217,-0.0509999999999999,Carson Williams,2026-09-03
"Eaton, Nate",681987,2026,39,20,0.125,0.16,-0.035,0.281,0.316,-0.0349999999999999,0.267,0.291,-0.0239999999999999,Nate Eaton,2026-09-03
"Meadows, Parker",678009,2026,39,26,0.25,0.212,0.038,0.333,0.277,0.0559999999999999,0.288,0.25,0.0379999999999999,Parker Meadows,2026-09-03
"Veen, Zac",691728,2026,39,19,0.265,0.195,0.07,0.559,0.429,0.13,0.392,0.319,0.073,Zac Veen,2026-09-03
"Valera, George",671655,2026,38,29,0.216,0.193,0.0229999999999999,0.297,0.232,0.0649999999999999,0.235,0.198,0.0369999999999999,George Valera,2026-09-03
"Callahan, Brett",814430,2026,38,24,0.265,0.269,-0.004,0.441,0.479,-0.0379999999999999,0.326,0.351,-0.0249999999999999,Brett Callahan,2026-09-03
"Reyes, Felix",694025,2026,38,29,0.158,0.229,-0.071,0.263,0.314,-0.0509999999999999,0.181,0.233,-0.052,Felix Reyes,2026-09-03
"Hinds, Rece",677956,2026,38,17,0.114,0.131,-0.017,0.2,0.157,0.043,0.161,0.155,0.006,Rece Hinds,2026-09-03
"Keys, Sean",815873,2026,38,24,0.189,0.18,0.009,0.297,0.288,0.009,0.223,0.214,0.009,Sean Keys,2026-09-03
"Perez, Junior",678577,2026,36,21,0.171,0.206,-0.0349999999999999,0.429,0.516,-0.087,0.264,0.312,-0.0479999999999999,Junior Perez,2026-09-03
"Encarnacion, Jerar",666464,2026,35,26,0.176,0.19,-0.014,0.206,0.266,-0.06,0.183,0.21,-0.0269999999999999,Jerar Encarnacion,2026-09-03
"Helman, Michael",680737,2026,35,26,0.167,0.147,0.02,0.3,0.208,0.092,0.239,0.2,0.0389999999999999,Michael Helman,2026-09-03
"Jiménez, Eloy",650391,2026,35,25,0.29,0.214,0.0759999999999999,0.29,0.289,0.001,0.289,0.256,0.0329999999999999,Eloy Jiménez,2026-09-03
"McGuire, Reese",624512,2026,34,21,0.172,0.186,-0.014,0.172,0.215,-0.043,0.221,0.242,-0.0209999999999999,Reese McGuire,2026-09-03
"Simon, Ronny",682927,2026,34,28,0.29,0.276,0.0139999999999999,0.323,0.373,-0.0499999999999999,0.296,0.308,-0.012,Ronny Simon,2026-09-03
"Stevens, Chad",677060,2026,34,16,0.036,0.117,-0.081,0.036,0.186,-0.15,0.129,0.21,-0.0809999999999999,Chad Stevens,2026-09-03
"Huff, Sam",669087,2026,34,14,0.121,0.099,0.0219999999999999,0.182,0.184,-0.002,0.147,0.137,0.0099999999999999,Sam Huff,2026-09-03
"Maile, Luke",571912,2026,34,22,0.152,0.135,0.0169999999999999,0.273,0.188,0.085,0.197,0.156,0.041,Luke Maile,2026-09-03
"Murray, Tanner",695020,2026,33,23,0.214,0.191,0.0229999999999999,0.321,0.39,-0.069,0.256,0.275,-0.019,Tanner Murray,2026-09-03
"Higgins, P.J.",664731,2026,32,22,0.231,0.276,-0.045,0.269,0.326,-0.0569999999999999,0.245,0.287,-0.0419999999999999,P.J. Higgins,2026-09-03
"Prieto, César",693409,2026,31,27,0.065,0.232,-0.167,0.065,0.351,-0.286,0.057,0.249,-0.192,César Prieto,2026-09-03
"Knizner, Andrew",668800,2026,30,23,0.222,0.213,0.009,0.407,0.349,0.0579999999999999,0.312,0.287,0.025,Andrew Knizner,2026-09-03
"Mastrobuoni, Miles",670156,2026,30,18,0.192,0.145,0.047,0.192,0.201,-0.009,0.202,0.184,0.018,Miles Mastrobuoni,2026-09-03
"Nishida, Rikuu",807747,2026,30,25,0.241,0.258,-0.017,0.241,0.306,-0.065,0.215,0.247,-0.032,Rikuu Nishida,2026-09-03
"Rortvedt, Ben",666163,2026,28,19,0.185,0.22,-0.035,0.185,0.251,-0.066,0.165,0.204,-0.0389999999999999,Ben Rortvedt,2026-09-03
"Hicklen, Brewer",676551,2026,28,12,0.364,0.26,0.1039999999999999,0.545,0.39,0.155,0.457,0.368,0.089,Brewer Hicklen,2026-09-03
"Toglia, Michael",669911,2026,28,14,0.115,0.183,-0.0679999999999999,0.192,0.251,-0.059,0.172,0.222,-0.05,Michael Toglia,2026-09-03
"Barger, Addison",680718,2026,28,16,0.045,0.131,-0.086,0.091,0.185,-0.094,0.17,0.255,-0.0849999999999999,Addison Barger,2026-09-03
"Alcántara, Kevin",682634,2026,28,15,0.24,0.232,0.0079999999999999,0.36,0.353,0.007,0.282,0.275,0.0069999999999999,Kevin Alcántara,2026-09-03
"Black, Tyler",672012,2026,28,20,0.333,0.17,0.163,0.481,0.229,0.252,0.364,0.191,0.173,Tyler Black,2026-09-03
"Kemp, Otto",805249,2026,27,15,0.08,0.162,-0.082,0.08,0.221,-0.141,0.119,0.205,-0.086,Otto Kemp,2026-09-03
"Furman, Nate",801501,2026,27,18,0.182,0.191,-0.009,0.182,0.226,-0.044,0.226,0.244,-0.0179999999999999,Nate Furman,2026-09-03
"Alfonzo, Eliezer",672613,2026,27,25,0.185,0.218,-0.033,0.259,0.301,-0.0419999999999999,0.192,0.223,-0.031,Eliezer Alfonzo,2026-09-03
"Fairchild, Stuart",656413,2026,27,5,0.158,0.089,0.069,0.158,0.151,0.007,0.307,0.28,0.0269999999999999,Stuart Fairchild,2026-09-03
"Ibáñez, Andy",628451,2026,26,22,0.087,0.152,-0.065,0.087,0.205,-0.118,0.095,0.164,-0.069,Andy Ibáñez,2026-09-03
"Robinson, Chuckie",642020,2026,26,21,0.087,0.159,-0.072,0.087,0.181,-0.094,0.077,0.149,-0.072,Chuckie Robinson,2026-09-03
"Santana, Carlos",467793,2026,26,16,0.083,0.141,-0.0579999999999999,0.125,0.192,-0.067,0.137,0.187,-0.0499999999999999,Carlos Santana,2026-09-03
"Meneses, Joey",608841,2026,25,17,0.15,0.269,-0.119,0.15,0.314,-0.164,0.22,0.327,-0.107,Joey Meneses,2026-09-03
"Kayfus, CJ",692216,2026,25,14,0.182,0.169,0.0129999999999999,0.364,0.427,-0.063,0.289,0.304,-0.015,CJ Kayfus,2026-09-03
"Cameron, Daz",663662,2026,25,18,0.208,0.245,-0.037,0.375,0.423,-0.0479999999999999,0.239,0.291,-0.0519999999999999,Daz Cameron,2026-09-03
"Pinckney, Andrew",687605,2026,25,15,0.273,0.265,0.008,0.5,0.417,0.083,0.345,0.338,0.0069999999999999,Andrew Pinckney,2026-09-03
"Clase, Jonatan",682729,2026,25,14,0.273,0.171,0.102,0.545,0.267,0.278,0.39,0.247,0.143,Jonatan Clase,2026-09-03
"Ingle, Cooper",694876,2026,24,9,0.095,0.106,-0.0109999999999999,0.095,0.127,-0.032,0.162,0.175,-0.0129999999999999,Cooper Ingle,2026-09-03
"Jones, Greg",675659,2026,24,14,0.087,0.174,-0.087,0.087,0.205,-0.118,0.077,0.164,-0.087,Greg Jones,2026-09-03
"Jenkins, Walker",805805,2026,24,16,0.15,0.15,0.0,0.35,0.249,0.1009999999999999,0.292,0.258,0.0339999999999999,Walker Jenkins,2026-09-03
"Brennan, Will",686823,2026,23,20,0.087,0.174,-0.087,0.087,0.238,-0.151,0.077,0.178,-0.1009999999999999,Will Brennan,2026-09-03
"Ornelas, Jonathan",680716,2026,22,10,0.19,0.155,0.035,0.19,0.198,-0.008,0.194,0.178,0.016,Jonathan Ornelas,2026-09-03
"Amador, Adael",691182,2026,22,13,0.389,0.162,0.227,0.833,0.344,0.489,0.542,0.282,0.26,Adael Amador,2026-09-03
"Salazar, César",663967,2026,22,15,0.056,0.237,-0.181,0.056,0.328,-0.272,0.169,0.328,-0.159,César Salazar,2026-09-03
"Matos, Luis",682641,2026,21,13,0.2,0.099,0.101,0.2,0.136,0.064,0.203,0.13,0.073,Luis Matos,2026-09-03
"Ritter, Ryan",690022,2026,21,12,0.158,0.184,-0.0259999999999999,0.158,0.241,-0.0829999999999999,0.168,0.21,-0.0419999999999999,Ryan Ritter,2026-09-03
"Candelario, Jeimer",600869,2026,20,10,0.111,0.167,-0.056,0.222,0.213,0.009,0.198,0.218,-0.0199999999999999,Jeimer Candelario,2026-09-03
"Fedko, Kyler",693459,2026,19,9,0.0,0.097,-0.097,0.0,0.136,-0.136,0.074,0.166,-0.092,Kyler Fedko,2026-09-03
"Johnson, Ivan",671155,2026,19,9,0.063,0.134,-0.071,0.063,0.184,-0.121,0.157,0.226,-0.069,Ivan Johnson,2026-09-03
"Garcia, Aramis",605244,2026,19,13,0.158,0.198,-0.04,0.316,0.415,-0.0989999999999999,0.202,0.259,-0.0569999999999999,Aramis Garcia,2026-09-03
"Stefanic, Michael",683021,2026,18,13,0.375,0.321,0.0539999999999999,0.438,0.411,0.027,0.395,0.358,0.037,Michael Stefanic,2026-09-03
"Azócar, José",640492,2026,18,13,0.353,0.282,0.071,0.471,0.345,0.126,0.377,0.298,0.079,José Azócar,2026-09-03
"Senger, Hayden",663584,2026,17,13,0.133,0.15,-0.0169999999999999,0.333,0.281,0.0519999999999999,0.196,0.181,0.015,Hayden Senger,2026-09-03
"Johnson, Daniel",669288,2026,17,11,0.143,0.28,-0.137,0.143,0.32,-0.177,0.23,0.341,-0.111,Daniel Johnson,2026-09-03
"Farmer, Kyle",571657,2026,16,12,0.267,0.264,0.003,0.333,0.304,0.029,0.246,0.238,0.008,Kyle Farmer,2026-09-03
"Morabito, Nick",703492,2026,16,5,0.143,0.235,-0.092,0.214,0.274,-0.06,0.226,0.286,-0.0599999999999999,Nick Morabito,2026-09-03
"Pham, Tommy",502054,2026,15,7,0.0,0.096,-0.096,0.0,0.113,-0.113,0.047,0.132,-0.085,Tommy Pham,2026-09-03
"Velazquez, Andrew",623205,2026,15,13,0.067,0.167,-0.1,0.067,0.2,-0.133,0.059,0.16,-0.101,Andrew Velazquez,2026-09-03
"Mountcastle, Ryan",663624,2026,15,12,0.286,0.279,0.0069999999999999,0.357,0.348,0.009,0.309,0.301,0.008,Ryan Mountcastle,2026-09-03
"Moore, Dylan",664238,2026,15,6,0.0,0.096,-0.096,0.0,0.178,-0.178,0.14,0.233,-0.093,Dylan Moore,2026-09-03
"Rodríguez, Johnathan",671286,2026,15,6,0.182,0.138,0.0439999999999999,0.273,0.235,0.038,0.283,0.297,-0.014,Johnathan Rodríguez,2026-09-03
"Mancini, Trey",641820,2026,14,11,0.308,0.241,0.067,0.462,0.322,0.14,0.305,0.282,0.023,Trey Mancini,2026-09-03
"Price, Collin",805672,2026,13,6,0.167,0.259,-0.092,0.25,0.361,-0.1109999999999999,0.219,0.302,-0.0829999999999999,Collin Price,2026-09-03
"Bruján, Vidal",660644,2026,13,11,0.091,0.164,-0.073,0.091,0.231,-0.14,0.132,0.213,-0.0809999999999999,Vidal Bruján,2026-09-03
"Dunn, Oliver",686554,2026,12,8,0.091,0.174,-0.0829999999999999,0.091,0.192,-0.101,0.132,0.207,-0.0749999999999999,Oliver Dunn,2026-09-03
"Campero, Gustavo",672569,2026,12,8,0.364,0.197,0.1669999999999999,0.455,0.242,0.213,0.328,0.18,0.148,Gustavo Campero,2026-09-03
"Cabrera, Oswaldo",665828,2026,11,7,0.0,0.158,-0.158,0.0,0.187,-0.187,0.0,0.148,-0.148,Oswaldo Cabrera,2026-09-03
"Tellez, Rowdy",642133,2026,11,7,0.2,0.339,-0.139,0.5,0.828,-0.3279999999999999,0.331,0.506,-0.175,Rowdy Tellez,2026-09-03
"Bliss, Ryan",669208,2026,10,6,0.125,0.203,-0.078,0.125,0.295,-0.1699999999999999,0.159,0.27,-0.111,Ryan Bliss,2026-09-03
"Dean, Justin",681909,2026,10,4,0.375,0.266,0.1089999999999999,0.625,0.324,0.301,0.477,0.346,0.131,Justin Dean,2026-09-03
"Piper, Kenny",700652,2026,10,6,0.222,0.125,0.097,0.556,0.332,0.224,0.364,0.241,0.123,Kenny Piper,2026-09-03
"Peck, John",807726,2026,10,8,0.222,0.313,-0.091,0.333,0.625,-0.292,0.288,0.427,-0.139,John Peck,2026-09-03
"Solak, Nick",669256,2026,10,8,0.143,0.26,-0.117,0.143,0.502,-0.359,0.232,0.373,-0.141,Nick Solak,2026-09-03
"Harris, Brett",695391,2026,9,4,0.0,0.089,-0.089,0.0,0.105,-0.105,0.24,0.299,-0.059,Brett Harris,2026-09-03
"Triantos, James",701649,2026,9,6,0.125,0.098,0.0269999999999999,0.125,0.116,0.0089999999999999,0.177,0.159,0.0179999999999999,James Triantos,2026-09-03
"De Los Santos, Deyvison",691277,2026,9,6,0.333,0.201,0.132,0.444,0.296,0.148,0.338,0.214,0.124,Deyvison De Los Santos,2026-09-03
"Bernal, Leo",699024,2026,9,7,0.222,0.221,0.001,0.556,0.508,0.048,0.327,0.304,0.023,Leo Bernal,2026-09-03
"Morales, Yohandy",691002,2026,8,5,0.5,0.325,0.175,1.0,0.779,0.2209999999999999,0.637,0.461,0.176,Yohandy Morales,2026-09-03
"Jung, Jace",690291,2026,8,5,0.167,0.287,-0.1199999999999999,0.167,0.387,-0.22,0.286,0.392,-0.106,Jace Jung,2026-09-03
"Pache, Cristian",665506,2026,8,4,0.125,0.15,-0.0249999999999999,0.125,0.16,-0.035,0.111,0.137,-0.026,Cristian Pache,2026-09-03
"Leonard, Eddys",678760,2026,8,6,0.25,0.3,-0.0499999999999999,0.375,0.386,-0.011,0.269,0.299,-0.0299999999999999,Eddys Leonard,2026-09-03
"Oliva, Jared",666931,2026,7,6,0.143,0.322,-0.179,0.143,0.379,-0.236,0.127,0.308,-0.181,Jared Oliva,2026-09-03
"Berroa, Steward",672642,2026,7,3,0.143,0.226,-0.083,0.143,0.27,-0.127,0.127,0.211,-0.0839999999999999,Steward Berroa,2026-09-03
"Julks, Corey",667452,2026,7,6,0.286,0.172,0.1139999999999999,0.429,0.27,0.1589999999999999,0.307,0.188,0.119,Corey Julks,2026-09-03
"Bride, Jonah",681146,2026,6,3,0.2,0.109,0.091,0.2,0.213,-0.0129999999999999,0.265,0.229,0.036,Jonah Bride,2026-09-03
"Wilson, Will",669717,2026,6,4,0.2,0.212,-0.0119999999999999,0.8,0.762,0.038,0.458,0.451,0.007,Will Wilson,2026-09-03
"Gonzalez, Gabriel",694224,2026,6,2,0.333,0.103,0.23,0.333,0.11,0.223,0.503,0.403,0.0999999999999999,Gabriel Gonzalez,2026-09-03
"Porter, Logan",682515,2026,6,2,0.25,0.269,-0.019,0.5,0.363,0.137,0.443,0.414,0.029,Logan Porter,2026-09-03
"Murray Jr., BJ",681230,2026,5,3,0.2,0.086,0.114,0.2,0.097,0.103,0.178,0.08,0.0979999999999999,BJ Murray Jr.,2026-09-03
"Montes, Lazaro",703155,2026,5,3,0.5,0.306,0.194,1.25,0.988,0.262,0.728,0.568,0.16,Lazaro Montes,2026-09-03
"Ross, Shawn",676566,2026,5,3,0.2,0.226,-0.0259999999999999,0.8,0.84,-0.0399999999999999,0.41,0.428,-0.018,Shawn Ross,2026-09-03
"Cruz, Trei",669360,2026,5,2,0.0,0.096,-0.096,0.0,0.127,-0.127,0.0,0.097,-0.097,Trei Cruz,2026-09-03
"Baker, Luken",663609,2026,5,2,0.2,0.132,0.068,0.2,0.15,0.05,0.178,0.123,0.0549999999999999,Luken Baker,2026-09-03
"Serna, Jared",691858,2026,5,4,0.333,0.166,0.167,0.333,0.182,0.151,0.318,0.328,-0.01,Jared Serna,2026-09-03
"Salas, Ethan",806956,2026,4,2,0.0,0.164,-0.164,0.0,0.433,-0.433,0.0,0.249,-0.249,Ethan Salas,2026-09-03
"Carlson, Dylan",666185,2026,4,2,0.0,0.067,-0.067,0.0,0.096,-0.096,0.0,0.07,-0.07,Dylan Carlson,2026-09-03
"Kingery, Scott",664068,2026,4,4,0.25,0.167,0.0829999999999999,0.25,0.19,0.06,0.223,0.156,0.067,Scott Kingery,2026-09-03
"Bae, Jihwan",678225,2026,4,2,0.5,0.193,0.307,0.5,0.195,0.305,0.54,0.361,0.179,Jihwan Bae,2026-09-03
"Wendzel, Davis",673995,2026,4,4,0.0,0.224,-0.224,0.0,0.307,-0.307,0.0,0.23,-0.23,Davis Wendzel,2026-09-03
"Banfield, Will",677943,2026,4,3,0.0,0.07,-0.07,0.0,0.088,-0.088,0.0,0.07,-0.07,Will Banfield,2026-09-03
"Ross, Ben",805346,2026,3,1,0.0,0.049,-0.049,0.0,0.049,-0.049,0.0,0.044,-0.044,Ben Ross,2026-09-03
"Martinez, Omar",683079,2026,3,2,0.333,0.116,0.217,0.333,0.136,0.197,0.297,0.111,0.186,Omar Martinez,2026-09-03
"Hunt, Blake",675448,2026,3,0,0.0,,,0.0,,,0.0,0.0,0.0,Blake Hunt,2026-09-03
"Lugo, Matthew",683090,2026,3,1,0.333,0.001,0.332,0.333,0.001,0.332,0.297,0.001,0.296,Matthew Lugo,2026-09-03
"Camargo, Jair",665856,2026,2,1,0.5,0.322,0.178,1.0,0.648,0.352,0.631,0.407,0.224,Jair Camargo,2026-09-03
"Kjerstad, Heston",677008,2026,2,2,0.0,0.05,-0.05,0.0,0.068,-0.068,0.0,0.051,-0.051,Heston Kjerstad,2026-09-03
"Quero, Jeferson",691620,2026,2,1,0.0,0.306,-0.306,0.0,0.355,-0.355,0.349,0.495,-0.146,Jeferson Quero,2026-09-03
"Williams, Luke",663897,2026,1,0,,,,,,,0.698,0.698,0.0,Luke Williams,2026-09-03
"Brannigan, Jack",687394,2026,1,0,0.0,,,0.0,,,0.0,0.0,0.0,Jack Brannigan,2026-09-03
"Mederos, Victor",682989,2026,1,1,1.0,0.583,0.417,1.0,0.664,0.3359999999999999,0.89,0.543,0.347,Victor Mederos,2026-09-03
"Vásquez, Randy",681190,2026,1,1,0.0,0.049,-0.049,0.0,0.05,-0.05,0.0,0.044,-0.044,Randy Vásquez,2026-09-03
"Siani, Michael",672279,2026,1,1,0.0,0.302,-0.302,0.0,0.353,-0.353,0.0,0.292,-0.292,Michael Siani,2026-09-03
"Mikolas, Miles",571945,2026,1,1,,,,,,,,,,Miles Mikolas,2026-09-03
"Handley, Maverick",668974,2026,1,0,0.0,,,0.0,,,0.0,0.0,0.0,Maverick Handley,2026-09-03
