"ID","Player","Team","Position","RkOv","Status","Roster Status","Age","FPts","FP/G","Ros","+/-","AB","R","H","1B","2B","3B","HR","RBI","BB","SO","SB","CS","HBP","GIDP","GP"
"*04355*","Yordan Alvarez","HOU","OF","2","kyfaess","Active","29","453.5","4.09","100%","0%","399","76","130","73","22","0","35","82","77","83","1","0","6","5","111"
"*05rat*","James Wood","WSH","OF","3","CLANK","Active","23","451","3.99","100%","0%","432","100","115","58","26","1","30","72","90","152","17","2","4","4","113"
"*04qk8*","CJ Abrams","WSH","SS","5","Greenbet","Active","25","410","3.76","100%","0%","406","69","117","66","21","2","28","85","42","100","19","5","10","5","109"
"*051wv*","Pete Crow-Armstrong","CHC","OF","6","JMerkle","Active","24","408","3.64","100%","0%","417","73","118","66","21","7","24","64","57","130","26","7","11","2","112"
"*02yc4*","Shohei Ohtani","LAD","UT,SP","10","Greenbet","Active","32","369","3.51","100%","0%","388","70","113","65","22","2","24","67","65","106","6","2","5","6","105"
"*04ru7*","Miguel Vargas","CHW","1B,3B","11","kyfaess","Active","26","368","3.35","98%","0%","406","73","96","47","25","1","23","64","60","84","11","2","7","6","110"
"*02mwm*","Matt Olson","ATL","1B","12","zyoung51","Active","32","365.5","3.26","100%","0%","433","77","114","57","27","0","30","68","50","121","2","0","2","6","112"
"*05yo5*","Ben Rice","NYY","1B","14","Sasso","Active","27","361","3.37","100%","0%","396","70","106","53","19","3","31","73","53","112","2","0","3","10","107"
"*05xch*","Junior Caminero","TB","3B","15","Sasso","Active","23","359","3.23","100%","0%","416","66","116","67","18","1","30","66","60","88","2","2","2","19","111"
"*05u9o*","Sal Stewart","CIN","1B,3B","18","Coop","Active","22","355.5","3.2","99%","0%","419","59","107","60","23","0","24","84","51","105","12","4","3","11","111"
"*04b00*","Brice Turang","MIL","2B","16","joeybats","Active","26","353.5","3.37","100%","0%","406","71","110","66","25","3","16","69","61","113","15","3","0","7","105"
"*04tjl*","Otto Lopez","MIA","SS","17","CLANK","Active","27","353","3.21","98%","0%","434","67","139","95","28","7","9","51","23","64","22","4","4","8","110"
"*05gbf*","Jordan Walker","STL","OF","19","kyfaess","Active","24","349.5","3.18","96%","0%","424","67","119","74","23","0","22","79","37","117","14","5","3","9","110"
"*03e5m*","Bryan Reynolds","PIT","OF","20","GoldTY","Active","31","349","3.09","99%","0%","411","75","110","67","26","2","15","62","68","116","7","0","8","5","113"
"*05yby*","Kevin McGonigle","DET","3B,SS","21","Coop","Active","21","345","3.22","98%","0%","407","70","118","84","20","3","11","41","68","66","11","1","3","2","107"
"*04y4e*","Corbin Carroll","ARI","OF","22","Sethmc44","Active","25","342","3.17","100%","0%","404","67","100","50","22","12","16","52","54","106","15","2","6","6","108"
"*01fh9*","Bryce Harper","PHI","1B","23","GoldTY","Active","33","338.5","3.02","100%","0%","395","66","100","54","21","3","22","65","67","101","6","4","1","11","112"
"*041pz*","Pete Alonso","BAL","1B","27","Greenbet","Active","31","332","2.96","100%","0%","418","68","105","61","21","0","23","69","56","120","5","1","7","12","112"
"*03cag*","Kyle Schwarber","PHI","UT","26","Jpanner","Active","33","332","3.13","100%","0%","392","65","97","51","12","1","33","62","69","162","2","1","5","1","106"
"*040b5*","Randy Arozarena","SEA","OF","25","Kipp","Active","31","331.5","3.19","99%","0%","382","71","108","70","23","1","14","49","43","95","20","6","17","10","104"
"*04ru5*","Andy Pages","LAD","OF","28","Hutch","Active","25","330.5","3","99%","0%","424","64","114","72","22","2","18","71","39","95","10","6","6","10","110"
"*05jr0*","Alec Burleson","STL","1B,OF","30","Hutch","Active","27","324","2.92","99%","0%","424","57","120","77","27","1","15","71","38","74","3","0","4","9","111"
"*03qjy*","Brandon Lowe","PIT","2B","36","zyoung51","Active","32","321.5","3.09","99%","0%","410","68","105","56","25","1","23","71","42","125","2","0","2","4","104"
"*03oh0*","Willson Contreras","BOS","1B","35","zyoung51","Active","34","321.5","3.15","99%","0%","351","55","101","58","18","2","23","67","46","105","3","3","19","8","102"
"*01cgo*","Freddie Freeman","LAD","1B","38","Sethmc44","Active","36","321","2.97","100%","0%","410","57","127","84","27","1","15","54","50","76","5","0","3","16","108"
"*03m6o*","Yandy Diaz","TB","UT","37","Sethmc44","Active","34","321","3","99%","0%","413","59","125","90","19","1","15","63","42","68","2","1","9","12","107"
"*062k5*","Nick Kurtz","ATH","1B","39","Jpanner","Active","23","320.5","3.24","100%","0%","352","62","90","53","15","1","21","69","79","141","7","1","3","5","99"
"*0326s*","Ketel Marte","ARI","2B","40","Hutch","Active","32","319","2.98","100%","0%","432","59","109","65","22","3","19","62","32","72","4","0","4","4","107"
"*03fi0*","Ozzie Albies","ATL","2B","41","Sasso","Active","29","319","2.85","99%","0%","435","69","115","76","21","0","18","62","31","70","2","4","5","3","112"
"*0316v*","Jake Bauers","MIL","1B,OF","42","Hutch","Active","30","318","3.18","88%","0%","338","66","91","53","16","2","20","64","53","102","8","1","3","3","100"
"*06aw3*","JJ Wetherholt","STL","2B,SS","43","joeybats","Active","23","316","2.98","99%","0%","414","69","103","77","10","0","16","41","49","76","12","1","14","3","106"
"*05u2v*","Hunter Goodman","COL","C","45","JMerkle","Active","26","315","3.09","99%","0%","383","66","99","50","16","0","33","65","37","142","5","4","4","6","102"
"*03mew*","Luis Arraez","SF","1B,2B","46","Jpanner","Active","29","312.5","3","96%","0%","415","52","136","102","23","7","4","43","25","21","10","0","4","6","104"
"*05udp*","Elly De La Cruz","CIN","SS","47","KRetiree","Active","24","311.5","3.39","100%","0%","363","62","100","59","18","5","18","48","44","111","20","6","2","5","92"
"*04lgp*","Bobby Witt Jr.","KC","SS","49","Hutch","Reserve","26","310.5","3.3","100%","0%","369","51","103","67","22","1","13","39","41","73","30","5","1","6","94"
"*0414g*","Luis Garcia Jr.","WSH","1B,2B","48","KRetiree","Active","26","310.5","2.99","96%","0%","357","48","101","53","20","5","23","76","16","61","4","1","0","6","104"
"*03zbh*","Fernando Tatis Jr.","SD","2B,OF","50","Kipp","Active","27","310","2.82","99%","0%","431","56","122","90","22","2","8","49","45","96","26","11","5","10","110"
"*05gx4*","Dillon Dingler","DET","C","53","Coop","Active","27","307.5","3.01","95%","0%","384","56","103","56","22","2","23","72","26","93","0","0","12","10","102"
"*03ynj*","Juan Soto","NYM","OF","54","joeybats","Reserve","27","302","3.55","99%","0%","293","46","83","52","8","2","21","52","63","48","7","3","0","4","85"
"*02c68*","Trea Turner","PHI","SS","56","JMerkle","Active","33","301","2.76","99%","0%","446","75","111","75","19","1","16","43","29","106","17","3","3","7","109"
"*05yb0*","T.J. Rumfield","COL","1B","55","Sethmc44","Reserve","26","301","2.76","80%","-1%","384","48","114","77","22","2","13","57","44","64","0","0","7","2","109"
"*0512v*","Michael Harris II","ATL","OF","57","joeybats","Active","25","300","2.83","99%","0%","402","54","116","75","21","0","20","64","16","82","6","1","2","3","106"
"*05gsi*","Ceddanne Rafaela","BOS","OF","59","Sethmc44","Reserve","25","299","2.79","98%","+1%","410","54","118","74","27","3","14","56","18","88","15","6","6","8","107"
"*05ynb*","Liam Hicks","MIA","C,1B","61","KRetiree","Active","27","299","2.93","90%","0%","352","54","100","76","9","1","14","62","40","38","3","0","8","5","102"
"*04hyc*","Ivan Herrera","STL","C","60","Hutch","Active","26","298","2.68","97%","0%","412","66","100","69","18","1","12","46","51","84","6","0","25","16","111"
"*04n8z*","Xavier Edwards","MIA","2B,SS","63","Sethmc44","Active","26","297","2.63","99%","0%","412","51","118","92","14","6","6","40","55","64","18","4","0","11","113"
"*05xu5*","Zach Neto","LAA","SS","65","joeybats","Active","25","296.5","2.72","99%","0%","426","73","98","55","21","3","19","46","49","153","14","10","8","3","109"
"*04pbq*","Geraldo Perdomo","ARI","SS","67","kyfaess","Active","26","295","2.73","97%","0%","384","54","91","64","14","4","9","41","68","56","17","9","4","9","108"
"*01s8u*","Mike Trout","LAA","OF,UT","69","JMerkle","Active","34","294.5","3.2","99%","0%","331","64","81","47","16","0","18","40","76","101","8","0","5","7","92"
"*04pkr*","Nico Hoerner","CHC","2B","68","Kipp","Reserve","29","294.5","2.68","98%","0%","435","46","112","82","23","1","6","51","37","41","16","3","5","8","110"
"*030uc*","Rafael Devers","SF","1B","70","Coop","Active","29","294","2.65","99%","0%","421","58","105","55","27","1","22","61","46","126","0","0","1","9","111"
"*03120*","Cody Bellinger","NYY","OF","71","GoldTY","Reserve","31","293","2.87","99%","-1%","374","52","97","62","21","3","11","53","55","70","10","6","0","3","102"
"*03ae8*","Dansby Swanson","CHC","SS","72","KRetiree","Reserve","32","292","2.73","95%","0%","363","68","77","45","13","3","16","61","41","96","15","0","1","5","107"
"*05t2b*","Daylen Lile","WSH","OF","82","Coop","Reserve","23","288","2.59","93%","0%","422","56","105","65","22","5","13","54","28","84","11","5","5","6","111"
"*04nb2*","Riley Greene","DET","OF","74","KRetiree","Active","25","286","2.6","99%","0%","398","59","109","69","24","1","15","53","59","122","3","1","2","11","110"
"*04071*","Isaac Paredes","HOU","3B","76","Jpanner","Active","27","285.5","2.69","95%","0%","385","44","99","65","18","1","15","60","44","65","0","0","16","10","106"
"*03qyv*","Jake McCarthy","COL","OF","75","Hutch","Reserve","29","285.5","2.97","89%","0%","337","48","98","59","22","7","10","59","18","67","17","4","4","4","96"
"*01svq*","Manny Machado","SD","3B","78","KRetiree","Active","34","285","2.64","99%","0%","400","57","85","43","19","0","23","65","51","102","2","3","0","11","108"
"*02w7p*","Alex Bregman","CHC","3B","77","JMerkle","Active","32","285","2.61","98%","0%","427","58","106","73","21","1","11","47","56","78","2","1","8","10","109"
"*050w9*","Gunnar Henderson","BAL","SS","81","Sasso","Active","25","284","2.56","100%","0%","456","63","100","59","19","4","18","47","39","118","8","4","8","7","111"
"*05t9v*","Jonathan Aranda","TB","1B","80","joeybats","Active","28","284","2.63","97%","0%","396","51","111","79","18","0","14","65","54","108","0","0","8","11","108"
"*060x1*","Wilyer Abreu","BOS","OF","83","joeybats","Active","27","283","2.62","97%","0%","415","55","102","61","22","3","16","53","44","100","6","3","2","8","108"
"*04o4s*","Shea Langeliers","ATH","C","87","zyoung51","Inj Res","28","282","3.03","94%","-6%","376","55","99","57","19","0","23","51","34","96","2","1","5","5","93"
"*04t9b*","Michael Busch","CHC","1B","86","KRetiree","Active","28","281.5","2.54","96%","0%","417","48","100","67","18","2","13","59","66","113","2","1","10","9","111"
"*0630d*","Drake Baldwin","ATL","C","91","CLANK","Active","25","280","3.15","99%","0%","343","61","94","67","7","0","20","57","44","82","2","1","7","12","89"
"*04b02*","Seiya Suzuki","CHC","OF,UT","89","Sethmc44","Active","31","280","2.95","99%","0%","356","59","96","60","18","0","18","61","49","108","1","0","4","9","95"
"*04yig*","Brooks Lee","MIN","3B,SS","92","Kipp","Active","25","279","2.61","89%","0%","394","51","97","61","17","3","16","58","31","68","7","4","2","7","107"
"*02i2k*","Byron Buxton","MIN","OF","96","zyoung51","Active","32","278","3.35","99%","0%","331","57","87","45","16","1","25","45","24","88","7","1","5","2","83"
"*05jp4*","Casey Schmitt","SF","1B,2B,3B,OF","97","Coop","Active","27","277.5","2.8","87%","-2%","387","47","105","66","17","1","21","55","11","81","9","1","7","6","99"
"*01ub6*","Jose Ramirez","CLE","3B","98","Sethmc44","Active","33","275","3.35","99%","0%","307","47","71","43","18","0","10","35","46","46","27","2","1","2","82"
"*02mzg*","Max Muncy","LAD","3B","100","GoldTY","Active","35","274.5","2.69","97%","0%","337","59","85","47","16","1","21","49","46","95","2","0","3","5","102"
"*03pje*","Taylor Ward","BAL","OF","99","KRetiree","Active","32","274.5","2.47","93%","-1%","409","64","100","73","20","0","7","30","87","103","4","3","6","7","111"
"*05ua7*","Jackson Merrill","SD","OF","102","kyfaess","Active","23","273","2.53","99%","0%","419","52","98","64","18","1","15","50","29","112","21","2","1","6","108"
"*04fhb*","Julio Rodriguez","SEA","OF","104","Jpanner","Active","25","272","2.69","100%","0%","397","51","100","68","16","0","16","47","32","88","14","3","5","8","101"
"*045qo*","Jazz Chisholm Jr.","NYY","2B","106","CLANK","Active","28","271.5","2.61","99%","0%","365","53","81","49","14","2","16","45","40","127","30","6","1","5","104"
"*06fzu*","Kazuma Okamoto","TOR","1B,3B","107","Greenbet","Active","30","271","2.49","97%","0%","396","57","90","51","15","0","24","69","38","136","1","1","6","9","109"
"*03pir*","Kyle Tucker","LAD","OF","110","Coop","Active","29","270.5","2.6","99%","0%","370","58","87","58","18","2","9","51","53","83","7","0","3","3","104"
"*04p10*","Bryson Stott","PHI","2B","109","zyoung51","Reserve","28","270.5","2.55","85%","0%","369","45","93","58","21","6","8","49","32","75","19","0","2","8","106"
"*0597k*","Nick Gonzales","PIT","2B,3B","108","zyoung51","Reserve","27","270.5","2.53","77%","+3%","404","61","127","102","18","1","6","50","28","75","5","2","7","11","107"
"*05gtn*","Tyler Soderstrom","ATH","1B,OF","112","CLANK","Active","24","270","2.73","99%","0%","359","51","87","45","23","2","17","50","48","78","1","1","3","9","99"
"*06aly*","Carson Benge","NYM","OF","111","Greenbet","Active","23","270","2.5","92%","0%","403","55","107","79","15","2","11","41","32","98","17","3","5","4","108"
"*05y7x*","Cole Young","SEA","2B","113","Kipp","Active","23","269","2.4","73%","+1%","408","53","107","75","15","3","14","50","28","76","3","4","8","4","112"
"*03nmw*","Ian Happ","CHC","OF","114","Sasso","Active","31","268.5","2.49","97%","0%","396","65","86","45","21","2","18","48","59","143","4","1","6","10","108"
"*03dgq*","Ryan O'Hearn","PIT","1B,OF","115","Coop","Active","33","267","2.78","96%","0%","359","54","97","65","15","0","17","69","31","86","1","0","5","14","96"
"*04ppi*","Kody Clemens","MIN","1B,2B,OF","116","CLANK","Active","30","266","2.74","82%","+1%","356","51","85","41","20","5","19","53","24","88","7","2","6","8","97"
"*041q8*","Brandon Marsh","PHI","OF","117","Sethmc44","Active","28","264.5","2.47","91%","-2%","391","56","109","76","15","2","16","49","22","111","10","3","2","2","107"
"*05m49*","Jung Hoo Lee","SF","OF","119","Greenbet","Active","27","264","2.61","84%","-1%","382","53","114","80","24","4","6","40","17","42","6","1","5","5","101"
"*04si3*","Brayan Rocchio","CLE","2B,SS","120","Sethmc44","Active","25","264","2.4","79%","-1%","382","43","99","71","17","2","9","50","28","62","15","5","8","6","110"
"*03yrz*","William Contreras","MIL","C","122","zyoung51","Active","28","263.5","2.56","99%","0%","393","53","106","78","17","1","10","57","37","61","1","2","3","11","103"
"*05rch*","Colson Montgomery","CHW","3B,SS","126","JMerkle","Active","24","262.5","2.5","97%","0%","393","51","85","42","18","0","25","63","36","141","1","1","9","5","105"
"*05uei*","Chase DeLauter","CLE","OF","124","JMerkle","Active","24","262.5","2.76","96%","0%","354","40","98","65","20","1","12","53","39","55","6","2","0","8","95"
"*03aqw*","Mauricio Dubon","ATL","2B,SS,OF","123","zyoung51","Active","32","261.5","2.44","81%","-1%","400","50","103","70","21","2","10","55","27","59","3","2","2","5","107"
"*03pjd*","Josh Naylor","SEA","1B","127","Hutch","Reserve","29","260","2.48","96%","0%","410","42","107","84","15","0","8","38","34","56","22","5","4","15","105"
"*05y3u*","Munetaka Murakami","CHW","1B,3B","129","zyoung51","Active","26","257.5","3.39","99%","0%","268","59","65","32","9","0","24","51","58","109","1","3","1","2","76"
"*06plc*","Sam Antonacci","CHW","2B,3B,SS,OF","133","Sasso","Active","23","257.5","2.83","83%","0%","314","59","87","63","14","2","8","32","26","57","14","6","19","1","91"
"*04nqx*","Ezequiel Duran","TEX","2B,3B,SS,OF","130","GoldTY","Active","27","257.5","2.5","78%","+4%","350","50","93","59","19","3","12","57","27","89","8","2","3","3","103"
"*03ojr*","Vladimir Guerrero Jr.","TOR","1B","134","kyfaess","Active","27","255.5","2.41","99%","0%","392","56","104","80","18","0","6","44","45","59","7","3","4","15","106"
"*05ahe*","Curtis Mead","BOS","1B,3B","136","Kipp","Active","25","254.5","2.89","77%","-2%","285","49","72","37","17","1","17","48","39","63","6","2","5","7","88"
"*04alp*","Ernie Clement","TOR","2B,3B,SS","137","JMerkle","Active","30","253","2.32","90%","0%","419","47","122","86","27","1","8","35","15","42","4","1","2","7","109"
"*01sy3*","Nolan Arenado","ARI","3B","138","joeybats","Active","35","252","2.36","68%","-1%","361","51","88","53","20","0","15","51","37","86","3","0","6","9","107"
"*04azv*","Jake Burger","TEX","1B","139","zyoung51","Reserve","30","251","2.35","76%","0%","393","45","92","57","16","0","19","66","31","116","2","0","3","5","107"
"*02bq2*","Brandon Nimmo","TEX","OF","144","Sethmc44","Reserve","33","247.5","2.33","94%","0%","402","44","107","67","26","4","10","39","36","97","6","1","6","11","106"
"*0648n*","Chase Meidroth","CHW","2B,SS","149","Kipp","Reserve","25","245","2.27","70%","+2%","395","62","107","78","20","0","9","40","42","102","1","2","4","6","108"
"*04aee*","Jo Adell","LAA","OF","147","Coop","Reserve","27","244.5","2.22","92%","0%","421","46","101","68","16","1","16","62","15","107","3","0","14","12","110"
"*04y95*","JJ Bleday","CIN","OF","155","Coop","Active","28","243.5","2.93","77%","0%","293","43","67","36","11","1","19","46","49","73","6","4","2","5","83"
"*04s1g*","Gabriel Moreno","ARI","C","150","kyfaess","Active","26","243","2.86","90%","+1%","297","46","89","63","18","0","8","47","40","52","4","1","4","6","85"
"*05zh9*","Luke Keaschall","MIN","2B,OF","152","JMerkle","Reserve","23","243","2.34","86%","-1%","346","52","90","69","15","1","5","32","41","62","13","5","12","6","104"
"*041qb*","Bo Bichette","NYM","3B,SS","151","Sethmc44","Reserve","28","242.5","2.17","98%","0%","442","53","113","86","16","1","10","53","29","87","1","0","2","14","112"
"*06dsa*","Kyle Karros","COL","3B","153","CLANK","Active","24","242.5","2.33","56%","-4%","313","54","84","53","20","2","9","39","45","77","3","0","4","2","104"
"*05m1e*","Jackson Chourio","MIL","OF","157","Hutch","Active","22","239","3.14","99%","0%","319","53","87","54","20","0","13","42","24","84","10","1","2","5","76"
"*05vy5*","Carter Jensen","KC","C","159","Jpanner","Reserve","23","238","2.29","91%","-1%","366","48","86","46","24","1","15","54","39","120","1","0","1","3","104"
"*0622w*","Chandler Simpson","TB","OF","160","Jpanner","Active","25","238","2.29","90%","0%","379","45","110","93","11","6","0","20","20","38","27","11","0","4","104"
"*04yk2*","Spencer Torkelson","DET","1B","161","JMerkle","Active","26","238","2.16","82%","-1%","376","50","82","44","18","0","20","55","46","134","0","1","5","10","110"
"*03pit*","Trent Grisham","NYY","OF","158","CLANK","Active","29","237.5","2.58","83%","-3%","310","52","66","39","14","2","11","42","48","59","7","1","0","5","92"
"*025gb*","Xander Bogaerts","SD","SS","162","Coop","Active","33","236.5","2.25","74%","-2%","366","45","81","62","10","0","9","40","48","77","14","1","3","6","105"
"*0433b*","Ildemaro Vargas","ARI","1B,2B","167","Coop","Not On Team","35","233.5","2.38","40%","-1%","320","46","88","62","16","3","7","51","20","33","2","0","2","4","98"
"*05u9q*","Jac Caglianone","KC","1B,OF","168","Sasso","Active","23","232.5","2.26","95%","-1%","367","48","92","55","17","2","18","42","27","111","3","1","4","5","103"
"*04en7*","Garrett Mitchell","MIL","OF","169","kyfaess","Reserve","27","232","2.34","62%","-2%","314","48","84","50","23","3","8","49","44","116","9","5","3","4","99"
"*04pst*","Jarren Duran","BOS","OF","170","Kipp","Reserve","29","231.5","2.25","94%","-1%","396","46","79","53","10","3","13","56","29","125","15","3","4","2","103"
"*0512e*","Spencer Steer","CIN","1B,2B,OF","172","Jpanner","Active","28","231","2.36","78%","-8%","340","54","81","51","14","0","16","40","35","86","3","0","6","10","98"
"*05161*","Dominic Canzone","SEA","OF","174","Kipp","Reserve","28","230.5","2.38","69%","+4%","279","39","72","36","17","1","18","49","30","65","1","1","4","5","97"
"*04mn5*","Alec Bohm","PHI","3B","175","CLANK","Reserve","29","230","2.15","68%","+1%","396","36","88","59","16","0","13","60","27","66","2","0","7","14","107"
"*04y44*","Josh Jung","TEX","3B","179","Hutch","Reserve","28","227.5","2.47","83%","-5%","354","46","104","71","23","1","9","35","33","71","1","1","6","14","92"
"*04ppj*","Jeremy Pena","HOU","SS","181","CLANK","Active","28","226.5","3.48","96%","+1%","252","52","81","56","12","1","12","34","17","51","8","1","5","2","65"
"*03zlh*","Oneil Cruz","PIT","OF","180","GoldTY","Inj Res","27","226","3.53","99%","0%","250","45","66","42","10","0","14","44","30","98","21","4","3","3","64"
"*03btu*","Willi Castro","COL","2B,3B,SS,OF","183","CLANK","Reserve","29","225","2.37","67%","+1%","332","50","87","60","15","0","12","46","31","104","7","4","5","3","95"
"*05zde*","Travis Bazzana","CLE","2B","193","KRetiree","Active","23","221.5","2.73","88%","0%","301","37","74","48","15","2","9","34","41","77","15","4","4","2","81"
"*04pr1*","Steven Kwan","CLE","OF","197","Greenbet","Active","28","219.5","2.09","83%","0%","352","43","91","74","14","2","1","21","54","41","8","2","3","7","105"
"*04y97*","Kyle Stowers","MIA","1B,OF","198","zyoung51","Active","28","216.5","2.46","90%","0%","327","42","77","38","20","3","16","48","35","119","1","1","7","8","88"
"*060jo*","Cam Smith","HOU","OF","206","GoldTY","Active","23","215.5","1.94","69%","-2%","363","44","76","46","15","2","13","38","33","99","10","1","6","9","111"
"*03pom*","Austin Riley","ATL","3B","203","GoldTY","Active","29","214","1.93","94%","-1%","400","43","86","58","15","1","12","52","35","138","7","1","10","9","111"
"*025he*","George Springer","TOR","OF","207","KRetiree","Active","36","212.5","2.62","89%","+1%","312","39","74","47","14","1","12","36","35","65","7","2","3","6","81"
"*04eig*","Jose Caballero","NYY","3B,SS,OF","210","JMerkle","Reserve","29","211.5","2.2","84%","-2%","312","36","74","52","12","0","10","38","19","79","27","8","5","9","96"
"*041e2*","Mickey Moniak","COL","OF","221","Kipp","Active","28","206","2.82","90%","0%","252","37","70","37","13","3","17","47","14","68","1","0","3","3","73"
"*01u75*","Salvador Perez","KC","C,1B","222","joeybats","Reserve","36","206","1.98","89%","+1%","405","40","87","55","15","1","16","46","17","92","0","0","11","14","104"
"*02z0s*","Aaron Judge","NYY","OF","228","CLANK","Inj Res","34","202","3.42","99%","0%","214","43","53","26","10","0","17","38","42","72","5","3","2","8","59"
"*051d0*","Troy Johnston","COL","1B,OF","231","JMerkle","Reserve","29","201","2.07","43%","-4%","307","34","87","60","24","0","3","41","30","58","4","5","5","3","97"
"*025dn*","Christian Yelich","MIL","UT","232","joeybats","Reserve","34","200.5","2.71","94%","0%","291","45","69","43","17","2","7","37","35","89","9","1","3","3","74"
"*051ia*","Spencer Horwitz","PIT","1B","236","GoldTY","Reserve","28","197.5","2.63","58%","-1%","247","36","69","47","11","1","10","33","40","41","1","0","5","10","75"
"*04aeb*","Royce Lewis","MIN","1B,3B","251","Jpanner","Reserve","27","191","2.48","74%","0%","277","37","60","34","14","1","11","34","31","80","10","0","2","2","77"
"*05mdt*","Evan Carter","TEX","OF","250","KRetiree","Reserve","23","191","2.05","57%","+1%","259","38","53","34","9","2","8","29","41","72","14","2","4","1","93"
"*02btf*","Mookie Betts","LAD","SS","253","zyoung51","Reserve","33","189.5","2.56","99%","0%","289","42","67","43","11","0","13","36","23","39","1","2","1","10","74"
"*04q2n*","Adley Rutschman","BAL","C","255","Jpanner","Active","28","189","2.78","94%","-1%","247","30","62","34","19","1","8","47","30","40","0","1","2","6","68"
"*024m0*","Jose Altuve","HOU","2B,OF","254","GoldTY","Reserve","36","189","2.15","91%","-1%","340","50","78","51","14","1","12","30","31","80","2","2","1","15","88"
"*05rbv*","Samuel Basallo","BAL","C","257","Sasso","Active","21","188","2.16","90%","-2%","282","34","68","42","9","1","16","46","26","82","0","0","1","5","87"
"*03wha*","Ronald Acuna Jr.","ATL","OF","261","zyoung51","Active","28","185.5","3.09","99%","0%","219","36","52","32","10","1","9","24","38","61","15","7","5","1","60"
"*03pzn*","Andres Gimenez","TOR","2B,SS","263","Jpanner","Active","27","185.5","1.75","52%","-2%","325","27","75","51","16","1","7","41","11","67","12","2","10","6","106"
"*060pm*","Wyatt Langford","TEX","OF","267","kyfaess","Active","24","183.5","3.06","98%","0%","241","35","66","38","13","2","13","31","14","59","7","1","1","3","60"
"*03d6s*","Matt Chapman","SF","3B","268","Kipp","Inj Res","33","183.5","2.18","80%","-1%","307","35","72","46","18","1","7","42","37","81","0","2","5","6","84"
"*05184*","Vinnie Pasquantino","KC","1B","270","Kipp","Active","28","183","2.32","87%","-1%","293","34","68","49","11","2","6","34","37","60","4","0","2","3","79"
"*0622t*","Jacob Wilson","ATH","SS","274","Kipp","Active","24","181","2.55","90%","0%","288","33","79","59","12","1","7","34","12","34","4","0","2","5","71"
"*02xic*","Teoscar Hernandez","LAD","OF","277","CLANK","Reserve","33","178.5","2.35","91%","-1%","270","45","69","47","12","0","10","40","27","81","2","0","2","10","76"
"*05rb1*","Sal Frelick","MIL","OF","284","Greenbet","Reserve","26","175.5","1.95","53%","-1%","276","33","65","47","14","0","4","34","25","31","6","2","2","4","90"
"*05u3u*","Konnor Griffin","PIT","SS","287","Coop","Inj Res","20","174.5","2.96","92%","-1%","225","35","62","45","10","2","5","25","16","65","20","1","4","3","59"
"*06dn7*","A.J. Ewing","NYM","OF","286","joeybats","Active","21","174.5","2.42","69%","-1%","256","32","68","48","12","1","7","28","27","75","14","6","1","1","72"
"*02z96*","Dominic Smith","ATL","1B","289","zyoung51","Reserve","31","174","1.96","16%","-1%","235","38","63","48","6","1","8","43","20","36","0","0","2","6","89"
"*02mxf*","Carson Kelly","CHC","C","294","Greenbet","Active","32","172","2.1","54%","-1%","258","38","67","51","10","0","6","37","32","50","0","1","3","7","82"
"*05y30*","Justin Crawford","PHI","OF","301","zyoung51","Reserve","22","171.5","1.67","57%","-1%","301","31","78","60","13","3","2","25","18","63","14","3","3","2","103"
"*04pmu*","Ryan Jeffers","MIN","C","298","joeybats","Active","29","171","3.42","85%","0%","171","31","50","30","9","1","10","36","27","32","1","0","2","2","50"
"*05u96*","Bryce Eldridge","SF","1B","297","KRetiree","Reserve","21","171","2.48","81%","-1%","245","35","62","37","14","0","11","26","37","76","1","0","0","0","69"
"*03rmz*","Keibert Ruiz","WSH","C","317","Sethmc44","Active","28","166.5","2.28","51%","-2%","233","34","61","34","20","0","7","36","10","29","2","1","2","6","73"
"*05xtz*","Dalton Rushing","LAD","C","308","CLANK","Reserve","25","166","2.24","66%","0%","217","37","55","31","12","0","12","36","23","70","0","0","4","2","74"
"*05g3x*","Maikel Garcia","KC","3B","311","Hutch","Inj Res","26","164.5","2.38","94%","-1%","268","32","70","48","17","2","3","30","24","45","5","3","0","6","69"
"*04pks*","Matt McLain","CIN","2B,SS","316","Greenbet","Inj Res","26","163","1.87","61%","0%","279","34","52","31","13","0","8","25","37","88","12","2","3","3","87"
"*04prt*","Lawrence Butler","ATH","OF","319","Greenbet","Reserve","26","163","1.58","55%","-1%","282","39","59","39","13","1","6","29","39","86","6","3","1","3","103"
"*05js5*","Coby Mayo","BAL","1B,3B","325","Hutch","Not On Team","24","160.5","1.84","43%","+1%","256","38","51","26","10","1","14","40","21","95","2","0","3","3","87"
"*04ydd*","Angel Martinez","CLE","OF","332","Greenbet","Active","24","158.5","2.17","55%","-5%","249","29","56","32","12","1","11","33","7","59","9","2","5","5","73"
"*05jsg*","Owen Caissie","MIA","OF","334","joeybats","Inj Res","24","157.5","1.9","59%","0%","219","30","52","28","12","0","12","50","18","97","4","1","3","2","83"
"*04mra*","Ezequiel Tovar","COL","SS","340","Greenbet","Reserve","25","156","1.53","50%","-2%","344","35","67","41","18","0","8","34","21","96","5","1","2","6","102"
"*0596e*","Dylan Crews","WSH","OF","342","Kipp","Reserve","24","154.5","2.49","80%","+2%","225","35","51","33","9","0","9","25","18","57","7","0","7","3","62"
"*02611*","Francisco Lindor","NYM","SS","355","Kipp","Reserve","32","149","2.66","98%","0%","212","28","50","32","5","4","9","25","25","42","2","2","2","2","56"
"*03avk*","Luis Rengifo","SD","2B,3B","368","Hutch","Active","29","145.5","2.02","27%","+4%","229","30","54","41","11","0","2","27","27","33","5","2","2","3","72"
"*05rbw*","Esmerlyn Valdez","PIT","OF","369","Coop","Active","22","145","3.3","80%","0%","143","27","38","14","9","1","14","38","23","58","0","1","1","5","44"
"*031t0*","Gleyber Torres","DET","2B","373","kyfaess","Reserve","29","145","2.69","79%","-2%","199","31","53","39","8","0","6","25","35","48","0","0","2","3","54"
"*031b2*","Jonah Heim","ATH","C","372","GoldTY","Not On Team","31","145","2.27","28%","+3%","217","24","51","28","12","0","11","35","15","44","0","0","2","5","64"
"*02jh6*","Eugenio Suarez","CIN","3B","376","joeybats","Reserve","35","144","1.78","81%","-1%","289","27","58","32","12","0","14","39","28","118","0","1","2","4","81"
"*04my4*","Cal Raleigh","SEA","C","385","KRetiree","Reserve","29","139","1.74","98%","-1%","291","25","47","28","8","0","11","40","41","110","2","1","2","5","80"
"*04qnc*","Francisco Alvarez","NYM","C","388","joeybats","Reserve","24","138","1.82","69%","0%","241","25","61","41","8","0","12","27","28","72","0","0","3","14","76"
"*066eo*","Cole Carrigg","COL","OF","394","Sasso","Active","24","135","3.14","68%","0%","137","31","40","23","9","3","5","26","19","32","3","3","3","1","43"
"*05rcd*","Joe Mack","MIA","C","428","Kipp","Not On Team","23","126.5","1.89","40%","-1%","194","28","47","30","7","0","10","32","13","53","0","0","2","6","67"
"*03zcy*","Mark Vientos","NYM","1B,3B","430","Greenbet","Reserve","26","125.5","1.72","36%","-1%","237","25","50","30","9","0","11","35","12","61","0","0","3","11","73"
"*02mw6*","Corey Seager","TEX","SS","432","Jpanner","Inj Res","32","124.5","2.31","94%","0%","194","29","37","20","7","0","10","25","29","61","1","0","2","6","54"
"*0524l*","Yainer Diaz","HOU","C","447","Greenbet","Reserve","27","119.5","2.21","56%","-1%","203","24","52","35","9","0","8","26","7","33","0","1","1","6","54"
"*05ybv*","Jackson Holliday","BAL","2B","459","GoldTY","Active","22","116","1.93","82%","+1%","162","24","41","30","5","1","5","20","28","48","5","1","0","4","60"
"*042sz*","Will Smith","LAD","C","473","GoldTY","Reserve","31","115","2.21","88%","-2%","173","23","43","32","5","0","6","23","23","34","0","0","2","5","52"
"*050c3*","Jasson Dominguez","NYY","OF","486","CLANK","Reserve","23","111.5","2.14","71%","-1%","192","21","44","26","12","0","6","14","9","43","7","0","2","1","52"
"*04e2u*","Brent Rooker","ATH","UT","499","KRetiree","Reserve","31","108.5","2.26","73%","-1%","180","20","36","22","4","0","10","29","19","65","2","0","2","3","48"
"*059bx*","Brady House","WSH","3B","503","Kipp","Reserve","23","106.5","2.13","46%","0%","184","24","43","26","10","0","7","26","13","55","1","0","0","5","50"
"*05xty*","Dylan Beavers","BAL","OF","509","Coop","Inj Res","24","104.5","1.8","46%","-1%","171","22","42","28","12","0","2","18","20","45","5","4","2","1","58"
"*04y9p*","Anthony Volpe","NYY","SS","515","Greenbet","Reserve","25","103.5","1.85","45%","-1%","171","20","41","30","9","1","1","19","22","45","7","4","0","0","56"
"*05rcg*","Braden Montgomery","CHW","OF","539","Hutch","Reserve","23","98.5","2.24","63%","-1%","159","22","38","23","10","2","3","20","16","37","1","2","2","4","44"
"*067xj*","Cooper Pratt","MIL","SS","541","kyfaess","Reserve","21","98.5","2.66","53%","+5%","114","18","33","26","4","1","2","16","18","25","10","2","1","5","37"
"*060ub*","Colt Emerson","SEA","SS","562","Sasso","Reserve","21","93.5","1.58","69%","-2%","191","22","37","23","6","1","7","21","14","69","3","1","2","2","59"
"*041sq*","Tommy Edman","LAD","2B","566","kyfaess","Active","31","92.5","2.64","71%","+1%","112","19","35","25","6","2","2","18","10","25","3","2","5","2","35"
"*02i2q*","Carlos Correa","HOU","3B,SS","574","CLANK","Inj Res","31","91","2.76","51%","0%","122","22","34","23","8","0","3","16","18","26","1","0","0","5","33"
"*06dlz*","Ryan Waldschmidt","ARI","OF","576","Sasso","Reserve","23","90.5","1.97","53%","0%","151","20","44","29","13","1","1","13","9","53","6","1","2","0","46"
"*04qnd*","Noelvi Marte","CIN","OF","619","JMerkle","Reserve","24","80.5","1.52","54%","-4%","165","17","32","19","7","0","6","14","10","43","5","2","0","4","53"
"*05tzp*","Jacob Gonzalez","PIT","1B,2B,SS","629","GoldTY","Active","24","78.5","1.78","29%","-1%","122","14","28","19","5","0","4","23","8","27","1","0","2","2","44"
"*05vy9*","Pedro Ramirez","CHC","2B,3B,SS","631","joeybats","Reserve","22","78","2","39%","+8%","94","15","30","20","8","1","1","14","9","16","4","0","0","3","39"
"*04t3y*","Alejandro Kirk","TOR","C","666","Coop","Inj Res","27","71","1.87","56%","-1%","124","9","30","23","4","0","3","14","16","18","0","0","0","2","38"
"*04z6m*","Agustin Ramirez","MIA","C","671","CLANK","Minors","24","68","2.19","59%","-1%","113","14","26","18","5","1","2","14","13","28","3","1","2","5","31"
"*04nq4*","Blaze Jordan","STL","1B,3B","668","Kipp","Reserve","23","68","1.79","35%","-2%","122","10","29","19","7","2","1","22","5","18","0","0","0","3","38"
"*04pse*","Brendan Donovan","SEA","2B,3B","682","Jpanner","Reserve","29","64.5","2.48","82%","0%","84","9","23","15","4","1","3","8","11","15","1","1","5","0","26"
"*047l7*","Luis Robert Jr.","NYM","OF","688","Jpanner","Inj Res","28","63","1.8","77%","-2%","119","14","23","16","3","0","4","12","16","32","2","2","0","3","35"
"*04yi8*","Spencer Jones","NYY","OF","690","JMerkle","Reserve","25","63","1.62","58%","+4%","93","10","23","14","4","0","5","13","12","40","3","0","0","0","39"
"*05u9z*","Roman Anthony","BOS","OF","707","GoldTY","Inj Res","22","60.5","2.02","94%","0%","109","12","25","18","5","1","1","5","20","33","2","0","1","0","30"
"*06hny*","Bryan Torres","STL","C,2B,OF","712","Greenbet","Active","29","60.5","1.41","8%","0%","84","11","20","13","1","2","4","13","6","17","1","0","0","0","43"
"*01cdf*","Giancarlo Stanton","NYY","UT","759","JMerkle","Inj Res","36","51.5","2.15","64%","-2%","90","8","23","14","6","0","3","14","6","29","1","0","0","2","24"
"*060yn*","Luis Lara","MIL","OF","802","Sasso","Reserve","21","43.5","2.56","49%","-2%","46","7","12","6","5","1","0","10","8","7","2","1","0","0","17"
"*05r1m*","Jordan Lawlar","ARI","3B,OF","832","JMerkle","Inj Res","24","36","3","69%","0%","38","6","12","9","2","0","1","4","3","10","4","0","3","0","12"
"*05wxy*","Kyle Teel","CHW","C","838","Hutch","Inj Res","24","35.5","1.87","59%","-4%","63","9","12","8","2","0","2","14","6","27","0","0","1","1","19"
"*0630f*","Gabriel Rincones Jr.","PHI","OF","899","Sethmc44","Reserve","25","25.5","0.88","9%","-1%","84","7","14","8","4","0","2","7","2","29","0","0","2","2","29"
"*02yd1*","Jorge Polanco","NYM","UT","916","zyoung51","Inj Res","33","24.5","0.84","41%","-4%","104","6","14","9","4","0","1","4","8","27","0","0","0","1","29"
"*05raw*","Harry Ford","WSH","C","955","GoldTY","Reserve","23","18.5","2.31","42%","-2%","23","3","4","2","1","0","1","4","4","7","1","0","1","0","8"
"*05u9y*","Max Clark","DET","OF","972","Hutch","Minors","21","16","8","76%","+15%","9","3","5","2","2","0","1","3","1","2","0","0","0","0","2"
"*05t9n*","Carson Williams","TB","SS","1060","KRetiree","Minors","23","8.5","0.71","44%","0%","30","6","3","2","1","0","0","3","2","11","0","0","0","1","12"
"*04qii*","Addison Barger","TOR","3B,OF","1091","JMerkle","Inj Res","26","6.5","0.65","57%","-5%","22","2","1","0","1","0","0","2","5","7","0","0","0","1","10"
"*05tzg*","Jace Jung","DET","3B","1133","Greenbet","Minors","25","3.5","1.17","18%","0%","6","1","1","1","0","0","0","0","2","1","0","0","0","0","3"
"*06f0p*","Cooper Ingle","CLE","C","1157","Greenbet","Minors","24","2","0.29","25%","0%","21","1","2","2","0","0","0","2","3","12","0","0","0","0","7"
"*05gss*","Jeferson Quero","MIL","C","1179","Kipp","Active","23","1","1","26%","0%","1","0","0","0","0","0","0","0","1","0","0","0","0","0","1"
"*06alk*","Charlie Condon","COL","1B,OF","2796","Jpanner","Minors","23","0","0","64%","0%","0","0","0","0","0","0","0","0","0","0","0","0","0","0","0"
"*05u3v*","Walker Jenkins","MIN","OF","5087","CLANK","Minors","21","0","0","64%","0%","0","0","0","0","0","0","0","0","0","0","0","0","0","0","0"
"*067yc*","Leo De Vries","ATH","SS","3217","GoldTY","Minors","19","0","0","63%","0%","0","0","0","0","0","0","0","0","0","0","0","0","0","0","0"
"*06ibv*","Jesus Made","MIL","SS","5860","Coop","Minors","19","0","0","63%","0%","0","0","0","0","0","0","0","0","0","0","0","0","0","0","0"
"*05rcf*","Joshua Baez","STL","OF","1631","Sasso","Minors","23","0","0","60%","0%","0","0","0","0","0","0","0","0","0","0","0","0","0","0","0"
"*0662o*","Sebastian Walcott","TEX","SS","9617","Hutch","Minors","20","0","0","56%","0%","0","0","0","0","0","0","0","0","0","0","0","0","0","0","0"
"*061zv*","Josue De Paula","LAD","OF","3212","GoldTY","Minors","21","0","0","56%","0%","0","0","0","0","0","0","0","0","0","0","0","0","0","0","0"
"*05u36*","Aidan Miller","PHI","SS","6441","Jpanner","Minors","22","0","0","54%","0%","0","0","0","0","0","0","0","0","0","0","0","0","0","0","0"
"*06n8y*","Eli Willits","WSH","SS","9825","Hutch","Minors","18","0","0","52%","0%","0","0","0","0","0","0","0","0","0","0","0","0","0","0","0"
"*06b72*","George Lombard Jr.","NYY","SS","5705","GoldTY","Minors","21","0","0","52%","0%","0","0","0","0","0","0","0","0","0","0","0","0","0","0","0"
"*062cx*","Ethan Holliday","COL","SS","4894","JMerkle","Minors","19","0","0","51%","0%","0","0","0","0","0","0","0","0","0","0","0","0","0","0","0"
"*06c78*","Franklin Arias","BOS","SS","1513","JMerkle","Minors","20","0","0","51%","+1%","0","0","0","0","0","0","0","0","0","0","0","0","0","0","0"
"*05gsc*","Jordan Westburg","BAL","3B","9733","Sasso","Inj Res","27","0","0","51%","0%","0","0","0","0","0","0","0","0","0","0","0","0","0","0","0"
"*060la*","Jett Williams","MIL","2B,SS,OF","9807","CLANK","Minors","22","0","0","51%","0%","0","0","0","0","0","0","0","0","0","0","0","0","0","0","0"
"*06eyu*","Zyhir Hope","DET","OF","4917","joeybats","Minors","21","0","0","49%","+1%","0","0","0","0","0","0","0","0","0","0","0","0","0","0","0"
"*06j3f*","Luis Pena","MIL","2B,SS","7291","kyfaess","Minors","19","0","0","48%","0%","0","0","0","0","0","0","0","0","0","0","0","0","0","0","0"
"*05rfc*","Lazaro Montes","SEA","OF","6559","Sasso","Minors","21","0","0","47%","0%","0","0","0","0","0","0","0","0","0","0","0","0","0","0","0"
"*06hx4*","Kaelen Culpepper","MIN","SS","2999","JMerkle","Minors","23","0","0","47%","0%","0","0","0","0","0","0","0","0","0","0","0","0","0","0","0"
"*06mnp*","Rainiel Rodriguez","STL","C","8085","Coop","Minors","19","0","0","47%","0%","0","0","0","0","0","0","0","0","0","0","0","0","0","0","0"
"*06mh4*","Edward Florentino","PIT","OF","3807","joeybats","Minors","19","0","0","47%","0%","0","0","0","0","0","0","0","0","0","0","0","0","0","0","0"
"*06c79*","Eduardo Quintero","LAD","OF","7670","Coop","Minors","20","0","0","46%","0%","0","0","0","0","0","0","0","0","0","0","0","0","0","0","0"
"*066ip*","Mike Sirota","LAD","OF","8710","Kipp","Minors","23","0","0","45%","+1%","0","0","0","0","0","0","0","0","0","0","0","0","0","0","0"
"*05ybr*","Ethan Salas","SD","C","8302","Kipp","Minors","20","0","0","44%","0%","0","0","0","0","0","0","0","0","0","0","0","0","0","0","0"
"*066ir*","James Tibbs III","LAD","OF","9186","zyoung51","Minors","23","0","0","44%","0%","0","0","0","0","0","0","0","0","0","0","0","0","0","0","0"
"*06hea*","Caleb Bonemer","CHW","3B,SS","2002","KRetiree","Minors","20","0","0","44%","0%","0","0","0","0","0","0","0","0","0","0","0","0","0","0","0"
"*05yai*","Bryce Rainer","DET","SS","7687","Hutch","Minors","21","0","0","44%","0%","0","0","0","0","0","0","0","0","0","0","0","0","0","0","0"
"*054p6*","Emmanuel Rodriguez","MIN","OF","8032","GoldTY","Minors","23","0","0","44%","0%","0","0","0","0","0","0","0","0","0","0","0","0","0","0","0"
"*06se6*","JoJo Parker","TOR","SS","7185","joeybats","Minors","19","0","0","43%","0%","0","0","0","0","0","0","0","0","0","0","0","0","0","0","0"
"*05u2m*","Theo Gillen","TB","OF","4165","kyfaess","Minors","20","0","0","43%","+1%","0","0","0","0","0","0","0","0","0","0","0","0","0","0","0"
"*067yp*","Ralphy Velazquez","CLE","1B","9505","Jpanner","Minors","21","0","0","42%","0%","0","0","0","0","0","0","0","0","0","0","0","0","0","0","0"
"*06ps2*","Josuar Gonzalez","SF","SS","4288","Sasso","Minors","18","0","0","42%","0%","0","0","0","0","0","0","0","0","0","0","0","0","0","0","0"
"*06k7t*","Andrew Fischer","MIL","3B","3776","Sethmc44","Minors","22","0","0","42%","0%","0","0","0","0","0","0","0","0","0","0","0","0","0","0","0"
"*06626*","Alfredo Duno","CIN","C","3473","joeybats","Minors","20","0","0","42%","0%","0","0","0","0","0","0","0","0","0","0","0","0","0","0","0"
"*0637j*","Josue Briceno","DET","C,1B","2116","joeybats","Minors","21","0","0","41%","0%","0","0","0","0","0","0","0","0","0","0","0","0","0","0","0"
"*06pg6*","Aiva Arquette","MIA","SS","1552","Coop","Minors","22","0","0","38%","0%","0","0","0","0","0","0","0","0","0","0","0","0","0","0","0"
"*06utg*","Dax Kilby","NYY","SS","5302","Sasso","Minors","19","0","0","38%","0%","0","0","0","0","0","0","0","0","0","0","0","0","0","0","0"
"*06ibo*","Emil Morales","LAD","SS","6604","KRetiree","Minors","19","0","0","38%","0%","0","0","0","0","0","0","0","0","0","0","0","0","0","0","0"
"*05yid*","Michael Arroyo","SEA","2B","1561","Kipp","Minors","21","0","0","37%","0%","0","0","0","0","0","0","0","0","0","0","0","0","0","0","0"
"*05y3p*","Arjun Nimmala","TOR","SS","6844","Kipp","Minors","20","0","0","37%","0%","0","0","0","0","0","0","0","0","0","0","0","0","0","0","0"
"*06pll*","Ethan Conrad","CHC","OF","2807","Jpanner","Minors","22","0","0","36%","0%","0","0","0","0","0","0","0","0","0","0","0","0","0","0","0"
"*06pi0*","Eric Hartman","ATL","2B,OF","4606","GoldTY","Minors","20","0","0","36%","0%","0","0","0","0","0","0","0","0","0","0","0","0","0","0","0"
"*05gbg*","Zac Veen","COL","OF","9488","JMerkle","Minors","24","0","0","36%","0%","0","0","0","0","0","0","0","0","0","0","0","0","0","0","0"
"*071w9*","Luis Hernandez","SF","SS","4751","Coop","Minors","17","0","0","36%","0%","0","0","0","0","0","0","0","0","0","0","0","0","0","0","0"
"*05r5e*","Angel Genao","CLE","3B,SS","4119","Sasso","Not On Team","22","0","0","35%","0%","0","0","0","0","0","0","0","0","0","0","0","0","0","0","0"
"*05mx9*","Felnin Celesten","SEA","SS","2575","Sasso","Minors","20","0","0","34%","0%","0","0","0","0","0","0","0","0","0","0","0","0","0","0","0"
"*05u1y*","Cam Collier","CIN","1B,3B","2767","CLANK","Minors","21","0","0","33%","0%","0","0","0","0","0","0","0","0","0","0","0","0","0","0","0"
"*06rw2*","Steele Hall","CIN","SS","4532","kyfaess","Minors","19","0","0","33%","0%","0","0","0","0","0","0","0","0","0","0","0","0","0","0","0"
"*066sx*","Jonny Farmelo","SEA","OF","3678","Kipp","Minors","21","0","0","33%","0%","0","0","0","0","0","0","0","0","0","0","0","0","0","0","0"
"*06c10*","Ike Irish","BAL","C,1B","5018","Sethmc44","Minors","22","0","0","33%","0%","0","0","0","0","0","0","0","0","0","0","0","0","0","0","0"
"*06m0g*","Elian Pena","NYM","SS","7279","joeybats","Minors","18","0","0","32%","0%","0","0","0","0","0","0","0","0","0","0","0","0","0","0","0"
"*05ge1*","Ryan Clifford","NYM","1B,OF","2728","Kipp","Minors","23","0","0","31%","0%","0","0","0","0","0","0","0","0","0","0","0","0","0","0","0"
"*06ifw*","Josiah Hartshorn","CHC","1B,OF","4609","joeybats","Minors","19","0","0","31%","0%","0","0","0","0","0","0","0","0","0","0","0","0","0","0","0"
"*05yix*","Jaison Chourio","CLE","OF","2676","Sethmc44","Minors","21","0","0","31%","0%","0","0","0","0","0","0","0","0","0","0","0","0","0","0","0"
"*06ich*","Jhonny Level","SF","SS","5604","Sasso","Minors","19","0","0","29%","0%","0","0","0","0","0","0","0","0","0","0","0","0","0","0","0"
"*06bsb*","Eduardo Tait","MIN","C","9033","Greenbet","Minors","19","0","0","28%","0%","0","0","0","0","0","0","0","0","0","0","0","0","0","0","0"
"*06psn*","Kevin Alvarez","HOU","OF","1389","Coop","Minors","18","0","0","28%","0%","0","0","0","0","0","0","0","0","0","0","0","0","0","0","0"
"*05xse*","Hector Rodriguez","CIN","OF","8044","KRetiree","Minors","22","0","0","27%","0%","0","0","0","0","0","0","0","0","0","0","0","0","0","0","0"
"*06qr6*","Nate George","BAL","OF","4129","Coop","Minors","20","0","0","27%","0%","0","0","0","0","0","0","0","0","0","0","0","0","0","0","0"
"*06alq*","Billy Carlson","CHW","SS","2422","Kipp","Minors","20","0","0","27%","0%","0","0","0","0","0","0","0","0","0","0","0","0","0","0","0"
"*06mmx*","Juneiker Caceres","CLE","OF","2301","kyfaess","Minors","18","0","0","25%","+1%","0","0","0","0","0","0","0","0","0","0","0","0","0","0","0"
"*05y3q*","Blake Mitchell","KC","C","6486","Sethmc44","Minors","21","0","0","24%","0%","0","0","0","0","0","0","0","0","0","0","0","0","0","0","0"
"*06hth*","Josh Adamczewski","MIL","SS","1235","Hutch","Minors","21","0","0","24%","0%","0","0","0","0","0","0","0","0","0","0","0","0","0","0","0"
"*06rry*","Tate Southisene","ATL","SS","8833","CLANK","Minors","19","0","0","23%","+1%","0","0","0","0","0","0","0","0","0","0","0","0","0","0","0"
"*06o01*","Nathan Flewelling","TB","C","3802","kyfaess","Minors","19","0","0","22%","0%","0","0","0","0","0","0","0","0","0","0","0","0","0","0","0"
"*06hsz*","John Gil","ATL","SS","4155","CLANK","Minors","20","0","0","21%","0%","0","0","0","0","0","0","0","0","0","0","0","0","0","0","0"
"*06dmp*","Max Anderson","DET","2B","1428","Jpanner","Minors","24","0","0","21%","0%","0","0","0","0","0","0","0","0","0","0","0","0","0","0","0"
"*05jre*","Enrique Bradfield Jr.","BAL","OF","2068","CLANK","Minors","24","0","0","21%","0%","0","0","0","0","0","0","0","0","0","0","0","0","0","0","0"
"*062e5*","Vance Honeycutt","BAL","OF","4910","JMerkle","Minors","23","0","0","17%","0%","0","0","0","0","0","0","0","0","0","0","0","0","0","0","0"
"*06ool*","Owen Ayers","CHC","C","1617","KRetiree","Minors","25","0","0","13%","0%","0","0","0","0","0","0","0","0","0","0","0","0","0","0","0"
"*06zi7*","Josiah Ragsdale","MIL","OF","7686","Kipp","Not On Team","22","0","0","12%","+3%","0","0","0","0","0","0","0","0","0","0","0","0","0","0","0"
"*06ien*","Dante Nori","PHI","OF","6872","Jpanner","Minors","21","0","0","12%","0%","0","0","0","0","0","0","0","0","0","0","0","0","0","0","0"
"*06yk0*","Conor Essenburg","ATL","OF,SP","3622","zyoung51","Not On Team","19","0","0","12%","+8%","0","0","0","0","0","0","0","0","0","0","0","0","0","0","0"
"*05yff*","Ethan Petry","WSH","OF","7438","CLANK","Minors","22","0","0","11%","0%","0","0","0","0","0","0","0","0","0","0","0","0","0","0","0"
"*06se7*","Alex Lodise","ATL","SS","5689","zyoung51","Not On Team","22","0","0","6%","0%","0","0","0","0","0","0","0","0","0","0","0","0","0","0","0"
"*06tu9*","Seong-Jun Kim","TEX","SS","5312","Greenbet","Minors","19","0","0","4%","0%","0","0","0","0","0","0","0","0","0","0","0","0","0","0","0"
"*06qnw*","Patrick Clohisy","ATL","OF","2731","Sethmc44","Minors","24","0","0","1%","0%","0","0","0","0","0","0","0","0","0","0","0","0","0","0","0"
"*05xy2*","Patrick Winkel","TOR","C","9852","JMerkle","Minors","26","0","0","0%","0%","0","0","0","0","0","0","0","0","0","0","0","0","0","0","0"
