name,overall_rank,org_rank,fv_grade
Jesús Made,1,,
Leo De Vries,2,,
Eli Willits,3,,
Josue De Paula,4,,
Kade Anderson,5,,
Seth Hernandez,6,,
Franklin Arias,7,,
Ryan Sloan,8,,
Theo Gillen,9,,
Sebastian Walcott,10,,
Mike Sirota,11,,
Rainiel Rodriguez,12,,
Max Clark,13,,
Walker Jenkins,14,,
Josuar Gonzalez,15,,
Caleb Bonemer,16,,
Ethan Holliday,17,,
Luis Peña,18,,
Eduardo Quintero,19,,
George Lombard Jr.,20,,
Thomas White,21,,
Liam Doyle,22,,
Alfredo Duno,23,,
Emil Morales,24,,
Zyhir Hope,25,,
Jamie Arnold,26,,
JoJo Parker,27,,
Edward Florentino,28,,
Kaelen Culpepper,29,,
Ethan Salas,30,,
Luis Hernández,31,,
Travis Sykora,32,,
Ralphy Velazquez,33,,
Robby Snelling,34,,
Bryce Rainer,35,,
Felnin Celesten,36,,
Aiva Arquette,37,,
Lazaro Montes,38,,
Angel Genao,39,,
Michael Arroyo,40,,
Cam Caminiti,41,,
Tyler Bremner,42,,
Arjun Nimmala,43,,
Joshua Báez,44,,
Jarlin Susana,45,,
Jhonny Level,46,,
Steele Hall,47,,
Gage Wood,48,,
Anthony Eyanson,49,,
Aidan Miller,50,,
Hagen Smith,51,,
Emmanuel Rodriguez,52,,
Eduardo Tait,53,,
Josue Briceño,54,,
Nate George,55,,
Billy Carlson,56,,
Dax Kilby,57,,
Cooper Ingle,58,,
Jonny Farmelo,59,,
Josiah Hartshorn,60,,
Roldy Brito,61,,
Caden Scarborough,62,,
Jefferson Rojas,63,,
Luis Lara,64,,
Kendry Chourio,65,,
Christian Zazueta,66,,
Kevin Alvarez,67,,
River Ryan,68,,
Charlie Condon,69,,
Nathan Flewelling,70,,
Karson Milbrandt,71,,
Elmer Rodríguez,72,,
Eric Hartman,73,,
Seaver King,74,,
Jonah Tong,75,,
Jett Williams,76,,
Ike Irish,77,,
Carlos Lagrange,78,,
Josh Hammond,79,,
Justin Gonzales,80,,
Charles Davalan,81,,
Xavier Neyens,82,,
Ronny Cruz,83,,
Devin Fitz-Gerald,84,,
Demetrio Crisantes,85,,
Francisco Renteria,86,,
Josh Adamczewski,87,,
Kayson Cunningham,88,,
James Tibbs III,89,,
Caden Bodine,90,,
Braylon Doughty,91,,
Nolan Perry,92,,
Tate Southisene,93,,
Jaison Chourio,94,,
Juneiker Caceres,95,,
Joseph Dzierwa,96,,
David Shields,97,,
Murf Gray,98,,
Angeibel Gomez,99,,
Cooper Flemming,100,,
